vm_id,n,mean,sd,maximum,zero_fraction,lag1,half_mean_diff,q_hat,gamma_hat,beta1_hat,q_face,gamma_face,lr_gamma0,mixture_p,pit_mean,pit_var,pit_lag1,cdf_distance,tear_log_density,ind_log_density,beta_log_density,tear_mae,ind_mae,beta_mae,tear_rmse,ind_rmse,beta_rmse
1,340,0.04714331232492998,0.1862739995474955,0.9468333333333334,0.0,0.4285859408489258,0.07082780112044819,1e-06,32.86296515721817,32.86296615721817,True,False,228.02435116684364,8.038528803538239e-52,0.2249115109612051,0.033343112637436424,0.24219802408768967,0.7192878652230634,2.1075556242731253,1.079563733644537,2.011939221053414,0.08706660011245629,0.09317136058068541,0.12311978196981054,0.22335841361748865,0.24099629251558247,0.23314822090578874
1005,532,0.19434304511278197,0.05773321256524386,0.299,0.0,0.6522211632352176,0.004107142857142865,1e-06,6.25676165788079,6.25676265788079,True,False,12.009144937123324,0.00026470070124412433,0.6123152549552888,0.008757671417957802,0.5038661410801895,0.4200577263741139,0.683924731167051,0.6711948853634345,1.7263365554957866,0.04472237864039138,0.05319333749434178,0.03379338929208355,0.05279832041317946,0.06029985990876555,0.04519828240603755
1006,532,0.07603665413533835,0.02654387854908141,0.2895,0.0,0.3174671821998147,0.0029705513784461096,1e-06,14.297430973457574,14.297431973457574,True,False,2.9059767575758997,0.0441258881689976,0.6165293097570806,0.008050968939058581,0.3535808119736246,0.4645096459122551,1.6221259961247427,1.6188999926825023,2.5451112511058396,0.01844286080246791,0.019306025962698318,0.01663321918207234,0.023023302169712094,0.023845970520648904,0.021641399474031597
1007,532,0.1791298558897243,0.03390722798714216,0.2980833333333333,0.0,0.6072455925722147,0.012104949874686716,1e-06,6.673549369848828,6.6735503698488285,True,False,4.10133000353926,0.02142474676087213,0.6221431522554757,0.0024361246807245262,0.40087241282664904,0.5558279215384455,0.7792203993135465,0.7770113258598457,2.5863134544488733,0.013765232951639983,0.017483355277068395,0.009608529330380963,0.015234907593428465,0.01907859119656164,0.011104031523783062
1226,340,0.13697030812324928,0.07356053607451564,0.2845,0.0,0.8749523395304268,0.07479544817927174,1e-06,8.776367256297242,8.776368256297241,True,False,25.131652784655785,2.6773340289123254e-07,0.5924685352258631,0.02823174597819764,0.8411384502867294,0.3040605021151131,1.2211009846118002,1.1718441789964507,2.2044491353342166,0.060355595207589166,0.07263852231815338,0.02153543988091941,0.06500535638413305,0.07825560409762537,0.03272292070714134
1227,313,0.06287669253004716,0.04288711365938586,0.128,0.0,0.9814032411558137,0.07754617737181431,1e-06,17.542894243464797,17.5428952434648,True,False,18.75083637395528,7.447900712774812e-06,0.5547485146612845,0.05850620388248833,0.9855244003781783,0.2927467677245745,2.28501074711664,2.229259184025938,4.12497501491497,0.04907338902521874,0.05529044541558793,0.0014268221083684521,0.04908621599393397,0.05530332261483537,0.0015722510959186727
1229,340,0.042678641456582636,0.06510847871635175,0.37316666666666665,0.0,0.5378547116749287,0.003074929971988792,1e-06,26.25475236710582,26.25475336710582,True,False,37.19553926313188,5.342896711980839e-10,0.3969666410549324,0.11482175326434747,0.6989781056046732,0.33953357117132715,2.2485176752313927,2.2008225218410167,2.536875254755965,0.04397750551270238,0.04630911884830785,0.03274805742213086,0.06460313574765,0.0658359997416485,0.05521442468654995
1233,340,0.03434299719887955,0.0452635256792393,0.231,0.0,0.6719386928480561,0.0100201680672269,1e-06,31.494251243996633,31.494252243996634,True,False,27.660916231915962,7.227700227025906e-08,0.43166304169258607,0.10432538240262335,0.760471420717994,0.2853650001707256,2.474145124911996,2.4429542230453714,2.7392696045471476,0.029962716219693635,0.031375631171012025,0.021020761020196663,0.0376296747942152,0.03860087256618003,0.02893307539478723
142,340,0.0498265406162465,0.054244347348546954,0.5826666666666668,0.0,0.4112343264624484,0.029536274509803923,1e-06,21.881719787980728,21.88172078798073,True,False,16.028471230658397,3.1198536729613454e-05,0.5589906396809898,0.018919168913934758,0.7093977870248943,0.4248502361249869,2.347595856713651,2.3219931245663608,2.7092746411983186,0.023626698923704427,0.026792766586411398,0.017053040513475705,0.02374402566827058,0.026905131788039258,0.017134716375136198
29,340,0.21600840336134447,0.08043907517552759,0.6666666666666667,0.0,-0.007421662415782937,0.00126050420168064,4.369085623922802,0.0,4.369085623922802,False,True,1.4154011296341196e-11,0.49999849910664523,0.603071673219238,0.0055923070358158715,0.03409461095406265,0.573892947475484,0.5589686975648054,0.5589687012631962,1.282112582479602,0.03489699653027217,0.03489697040009809,0.03782126802875695,0.07993738493894532,0.07993738309645815,0.08020695918765887
320,340,0.07056652661064426,0.0780440616597571,0.6293333333333333,0.0,0.41863792366124025,0.020340896358543407,1e-06,15.858898279451564,15.858899279451563,True,False,23.56530280404104,6.037264616644449e-07,0.5497195148331123,0.0286965342224521,0.37400242093297087,0.24952098310222934,1.892650817832422,1.8454666836071911,1.8585999436803855,0.04952311535555276,0.05383536566767469,0.04465037911019952,0.07338609741227034,0.07797587605067635,0.0702947683724187
321,334,0.02836883376104933,0.0225634594120939,0.24533333333333332,0.0,0.7351250198288214,0.004851154833190756,1e-06,36.75166395112376,36.75166495112376,True,False,8.889746955418104,0.0014338823711146293,0.6036312648628112,0.005263570467486679,0.28909036275239336,0.5244250366711528,2.648002853240279,2.645412263036183,3.5613866325914123,0.004370121216383333,0.004900493166633484,0.0035634261356672957,0.005062536025174304,0.005479626504480612,0.005039038094573235
322,334,0.1007329626461363,0.1426546879238523,0.7906666666666666,0.0,0.8300483500694265,0.05913287710293698,1e-06,13.517966241889322,13.517967241889322,True,False,124.57084043819407,3.159137895728294e-29,0.4788400746566101,0.08151533083341406,0.5841001557015656,0.20111972175613557,0.9780996854008729,0.3235514455127252,0.61307803153306,0.12544134101979051,0.14389496648558453,0.10679101402727997,0.19597869114569,0.23285154234718772,0.16788891484673002
324,313,0.04399125209189107,0.06080710660018117,0.875,0.0,0.20366637200078305,0.01168103092943857,1e-06,24.17596520669838,24.17596620669838,True,False,8.421994219537964,0.0018535448543788963,0.5612337142003682,0.014697499775224058,0.15096362341484165,0.4369303515682156,2.1872389640551644,2.1764459201679105,2.3648100560549925,0.01589459015891198,0.016728002912515243,0.020111816238929617,0.031027241516442483,0.03184493389146136,0.031705120990120086
332,334,0.06630178927858568,0.023466199532947006,0.10116666666666667,0.0,0.9840562495596532,0.03942408041060736,1e-06,16.312592712196555,16.312593712196556,True,False,5.637734045244997,0.008788955516614487,0.6126346502513944,0.013890218779136524,0.9796572186964028,0.47760540505883453,1.9792054414390636,1.9657224512091669,4.426227491675283,0.024892723732327995,0.02763974290650582,0.0012573974256749761,0.024972676154881177,0.027718194555502562,0.0019449801774375967
387,340,0.08610619747899159,0.022018458828995266,0.3443333333333334,0.0,0.050716242643094316,0.006278081232492988,6.007766620060366,6.13543066775288,12.143197287813246,False,False,0.05302456821800661,0.40894073627304284,0.6253276313274666,0.002119450493496128,0.20307547766014375,0.537667826693985,1.4652474051674025,1.465935598607715,1.617996364285929,0.01195136805249587,0.011978839011915262,0.01131901268260035,0.032486074402206876,0.032223337692777826,0.032667049515984516
534,287,0.05150746640119462,0.06735326009225796,0.3203333333333333,0.017421602787456445,0.8108669632421517,0.006298120860620857,1e-06,22.232344991355923,22.232345991355924,True,False,42.821490327180754,2.998486184582011e-11,0.4188348344011466,0.12048732692847583,0.8212582542257422,0.2819982618293865,2.408220692822368,2.3238502368160696,2.6831810436722296,0.04790772413810582,0.05381672883393066,0.021099716231956868,0.052748375501784274,0.05776461377781943,0.032363318908635856
562,340,0.03925546218487395,0.031202817479796915,0.5943333333333333,0.0,-0.03286483333822873,0.0013806722689075693,25.45454544883504,0.0,25.45454544883504,False,True,2.2737367544323206e-13,0.4999998097694967,0.6099782027093176,0.006261947251247923,0.14289143674916005,0.46931173217486183,2.2221117309827285,2.225617999757444,-1.5897553193024723,0.01358584656676612,0.013383141596077222,0.013267873351562268,0.05566639016519197,0.055499360148642624,0.05558490453077069
596,340,0.30706950280112044,0.4247975686214875,0.9723333333333332,0.0,0.9381968370193747,0.04419446778711483,1e-06,18.34812546280251,18.34812646280251,True,False,740.8526196119959,1.9559493795970848e-163,0.5368707456066063,0.08785266148964443,0.8647474146183952,0.30449458912199256,1.3279464183792047,0.3068424734557755,1.4168203514231785,0.18273775494505454,0.3739658370496642,0.10725662852059897,0.3005545643652411,0.3982719596884444,0.14614594948387657
597,340,0.2981538865546219,0.42991204298117724,0.9707142857142855,0.0,0.9374180567496115,0.04398186274509808,1e-06,22.68235285646896,22.68235385646896,True,False,836.3305023435455,3.4067655543305666e-184,0.4515129908942663,0.12623588742059685,0.8854448287054352,0.4409513847835787,1.4795250324647669,0.3340971235745169,1.7256261933288861,0.19250222713193982,0.37843017528808365,0.11289963282399935,0.31482829983695926,0.40373141844333715,0.1523145910333997
598,340,0.29706621148459383,0.42975345346796245,0.9693333333333334,0.0,0.9378172964212773,0.04428718487394956,1e-06,23.043832593435614,23.043833593435615,True,False,843.1342606142596,1.1302374054045578e-185,0.44454703795483475,0.1294680526826233,0.8875250014562348,0.46398043175057646,1.494466086894347,0.3389955363514207,1.7499435813425404,0.1927870842016415,0.37834413512082904,0.11262831482441543,0.3163812115167511,0.40313672200729583,0.15133855394704976
708,318,0.26982075471698114,0.41326592024593883,0.9540000000000001,0.0,0.6939440830866684,0.08456184486373167,1e-06,10.24444395752913,10.24444495752913,True,False,387.64006666063455,1.3508637838564007e-86,0.3083336029487323,0.1783919391915256,0.6416827433384907,0.611007469411731,0.8714946275801129,0.22851892090499662,2.002106400566331,0.259311032984196,0.3843800213132884,0.2683968825693188,0.3469662810049809,0.42987264015959975,0.32050553213041316
709,340,0.2524187675070028,0.4020694558591255,0.9584999999999999,0.0,0.6810643550100615,0.06508221288515409,1e-06,10.393290358613893,10.393291358613892,True,False,400.9639020917357,1.698540524825666e-89,0.29757740749516376,0.17968886627935174,0.6254707835876935,0.6637072001824614,0.7925330252663371,0.3273979175362138,1.8929343545142805,0.2452434330296198,0.3449925523810298,0.2621097077453086,0.33263012533791697,0.3935637368954256,0.3072738871572735
710,318,0.2676761942198263,0.41050719468374214,0.9481666666666666,0.0,0.7161419115606915,0.0677577493261455,1e-06,10.77345505746286,10.773456057462859,True,False,408.66127047827126,3.5851279225987235e-91,0.31473515684095116,0.1771696695433781,0.6575137514033764,0.6129527349785648,0.9933050546500946,0.3129545489676577,1.8654477314533011,0.2460368247155528,0.3725206528631586,0.25219492302936936,0.33101953643223603,0.4152473515777067,0.29619262898927984
711,340,0.24540490196078432,0.40582750448648597,0.9603333333333336,0.0,0.693246524445083,0.06566078431372546,1e-06,11.470417083641607,11.470418083641606,True,False,441.4729393957165,2.5873134545110153e-98,0.28354736770616856,0.17133450566645891,0.6327246621424515,0.6638969571146279,1.0364578198187306,0.3547341680078611,2.0694602664227015,0.23599850314554516,0.35629848690323773,0.2618036924611615,0.33138013775486136,0.41397885940052204,0.3094129112098545
712,340,0.22781771708683474,0.39055236007746397,0.9541666666666666,0.0,0.7080865503190328,0.003988375350140044,1e-06,12.465695529172883,12.465696529172883,True,False,455.52821867619366,2.2594792218173693e-101,0.27830075660087344,0.16048622628765385,0.6431301846993999,0.6404496914713846,1.0451523228158726,0.42599594916569916,1.9671024882132382,0.22091064428382484,0.33191917826534534,0.2385297634885759,0.3211563399574373,0.3923738101425542,0.29083876270898407
713,315,0.2092915343915344,0.37520625625516224,0.9356666666666666,0.0,0.739759929972246,0.0027209277325377923,1e-06,14.807064299034163,14.807065299034162,True,False,467.9757366266448,4.418096883280882e-104,0.2667129247109851,0.15019797689914952,0.6799923002933118,0.6438018310254768,1.238964860204306,0.5654648592983067,2.0924282919843806,0.20327576307280162,0.3105837769393885,0.21341212712718602,0.308843098455887,0.3759985547559099,0.27184600978758666
714,340,0.13175931372549018,0.31704090574811833,0.9515,0.0,0.7083031960167238,0.08987156862745099,1e-06,21.585167966003752,21.585168966003753,True,False,525.0260674338671,1.7062174423229347e-116,0.19614612994988442,0.110897721848296,0.6328994756002753,0.7678318287828717,1.1307921315722442,0.06487439299519018,2.237142501169214,0.19250530265881263,0.26108664465548703,0.22117280885887186,0.3238013816066955,0.40333318157887804,0.2856725741098684
715,340,0.12943522408963584,0.3168325354371005,0.9541666666666666,0.0,0.7044837367545478,0.08621190476190477,1e-06,22.17373238769682,22.17373338769682,True,False,531.3671747229301,7.120053816069637e-118,0.19492187759415128,0.10610394333143959,0.6279636383399604,0.7227380386035761,1.172141351278819,0.15099702366020762,2.27412035675955,0.1860555266339678,0.25568524115993835,0.21294437226254043,0.32048922075619957,0.40100684223775734,0.28163993083069594
716,340,0.12890261437908496,0.316777075108299,0.9590000000000001,0.0,0.6970507663674014,0.0853183006535948,1e-06,21.875353374006895,21.875354374006896,True,False,521.7984532391138,8.594801793332721e-116,0.189879303980356,0.10640929509896235,0.6205007972241368,0.7670348396366605,1.180843338425169,0.12265253472948527,2.28779206712944,0.18633571943322902,0.25616070492895016,0.21919983425293457,0.32022113757798576,0.4037016295221648,0.28779313312043997
718,340,0.1560110644257703,0.10962778524151298,0.825,0.0,0.20418125910518353,0.0019044817927170998,1.1545729172455168,6.225213750617243,7.37978666786276,False,False,5.708740052867483,0.008440325398823589,0.5837397973218711,0.013339848894224165,-0.017222333381139633,0.46850444090621995,0.8767908714593566,0.8860986608656243,1.1381017447605855,0.0567398412312279,0.05823963765385769,0.06206256901894828,0.10899473518278936,0.1048266802758919,0.10771325769084764
723,340,0.37878697478991596,0.21095674843224818,0.6276666666666667,0.0,0.03440381425284746,0.02765350140056022,1.217659994197157,0.46279161154840004,1.6804516057455572,False,False,0.23951730186853837,0.31227748115757276,0.5196780061418305,0.06683409518171617,0.06082762700063984,0.21754409083305715,0.0799090646421989,0.07921250848615652,0.17968067578150837,0.19205150911180782,0.19209530426231933,0.19249355594135936,0.21208047980388148,0.2123191622443453,0.2110391323873971
734,340,0.0528233660130719,0.06923713770795349,0.3673333333333333,0.0058823529411764705,0.7028133888737661,0.006065032679738555,1e-06,21.47493358033397,21.474934580333972,True,False,45.318861748665086,8.37144414960858e-12,0.43717136666455714,0.10014257617099193,0.7970171341876716,0.26847836003756753,2.051144240374498,1.984457102655164,2.345283542665163,0.049232707807385326,0.053612148404534855,0.031063438788435448,0.06977425947307467,0.07243228378561338,0.05405704752352377
758,340,0.024605042016806727,0.022638862183835658,0.25,0.0,0.2793947687354637,0.0014750700280112099,1e-06,42.06155545662706,42.06155645662706,True,False,3.8610297854177134,0.02470999353586125,0.5540760901666971,0.03820127710447344,0.6250560966146821,0.32629179996298285,2.5647812043523746,2.5616627483517185,2.9137824759102435,0.009523910099032086,0.009673035334114071,0.009566873927342718,0.025055162786986607,0.025127867561538043,0.024256421929809754
833,313,0.03274117602312491,0.027810282907069005,0.16133333333333333,0.0,0.8839654626571829,0.04679762196402324,1e-06,32.3500920344248,32.350093034424795,True,False,13.3514365774015,0.0001291123693249379,0.49070746301533447,0.13583981136092108,0.9806299034760766,0.3592437122376381,3.0818139044368706,3.030948595501909,4.616365291981668,0.040714653250455285,0.0431125905258268,0.004514628603380704,0.04071672713018149,0.043114543530454574,0.0045780805136166934
834,340,0.030098849924585218,0.026977457259685807,0.10216666666666668,0.0,0.9738311901248363,0.052356523378582195,1e-06,35.19753547162196,35.19753647162196,True,False,16.396903505874207,2.5684539562675284e-05,0.47514055791082327,0.1435559737219299,0.9804223282026109,0.3894193208695176,3.1513949207928937,3.1016232788961657,4.06228789060507,0.03652096571432158,0.03871133888248727,0.0017003576865062238,0.036742858397369425,0.038920051595485235,0.005819477191896142
836,315,0.03695056689342403,0.08802608576814505,0.8493333333333334,0.0,0.3163658040963817,0.01913366581817763,1e-06,30.12563618069283,30.12563718069283,True,False,39.019539956624385,2.0979241945591348e-10,0.5030187115444987,0.012769803257305834,0.22824957341041124,0.41944847689922815,2.5252435269583593,2.50002448219551,2.34349208998139,0.01862594569281867,0.02216953303366077,0.030025837942992455,0.04892833695745084,0.04957680080576037,0.05259640960513705
846,340,0.10943172268907564,0.04696374734031319,0.607,0.0,0.18243732777013433,0.008801540616246495,0.5336523614665302,9.68491108863381,10.218563450100339,False,False,1.5215846748410513,0.10868992106643141,0.6154995410156486,0.005528479387516773,0.4042073612964618,0.5457802846810318,1.0577309264880044,1.0527079829210801,-16.514109600277543,0.0355369080191145,0.036124996161949835,0.030668651314504445,0.08327656485076429,0.08307925426840163,0.09655258170142572
858,313,0.17338087631218618,0.12159807926724993,0.43,0.0,-0.00249828894310066,0.0018678110636709266,5.63994101825805,0.0,5.63994101825805,False,True,7.389644451905042e-13,0.49999965705708316,0.5394562073799742,0.06854746450254397,-0.005095183184951092,0.237275316099394,0.5807781348923692,0.5807780773141453,0.7020164091076304,0.12326530911018285,0.12326531137986475,0.12328311464046714,0.1294271991216791,0.12942721007953528,0.129817542582379
869,340,0.05748287815126051,0.06681506084767762,0.30583333333333335,0.0,0.8339342432101237,0.04132093837535014,1e-06,19.795154264695185,19.795155264695186,True,False,46.25425577288729,5.193035373107145e-12,0.5201103011228628,0.04063465594828851,0.6161828876989958,0.32184831679751247,2.1710132739571435,2.1239642505344256,2.343071043145057,0.03183100117554745,0.03795767346857583,0.019323500943267218,0.03661671450220287,0.04121929517842694,0.033261379678848374
871,340,0.04747594537815125,0.09326074332635464,0.4443333333333333,0.0,0.4103628463312225,0.003264635854341731,1e-06,23.95451665599724,23.95451765599724,True,False,51.381818528453095,3.8019758133662516e-13,0.41656270633507925,0.036830624187583656,0.43936069061681843,0.4382733182110013,2.15318698199756,2.0770556049307087,2.076635687338828,0.045589826844217425,0.050447404133653534,0.04631986095042777,0.09032979380948568,0.09305691795866151,0.0870666065636102
872,340,0.05638011204481793,0.06408583859392386,0.35733333333333334,0.0,0.7635422681483418,0.0022677871148459455,1e-06,20.030601969285254,20.030602969285255,True,False,39.525468265531345,1.6190434898112162e-10,0.48848317354586734,0.06351544550624079,0.8347044817664464,0.30863433826562303,2.0784955171693973,2.0287750076404163,2.4929547013665925,0.042454970446018266,0.04726190485147188,0.019790451532305818,0.04944642751783126,0.052700452573889,0.03397892334511458
884,340,0.04518375350140057,0.036654350991232515,0.29633333333333334,0.0,0.45583991501150983,0.0008226890756302535,1e-06,23.503117769681037,23.503118769681038,True,False,9.096041026601597,0.0012808168329625765,0.5936107659851121,0.007600690956385859,0.3113079912827769,0.4886369878850433,2.1170591056786363,2.103699237841087,2.551381061286903,0.01363558488991164,0.014384226615390768,0.013197763112092318,0.03590763495172513,0.036870451044165656,0.03373093074085847
890,315,0.04992380952380953,0.07438919488229505,0.4225,0.0,0.435453203652178,0.02428009352575989,1e-06,22.16424809518031,22.16424909518031,True,False,30.304214893075823,1.8466124333953987e-08,0.4615403396647913,0.055641356523691746,0.6137926342060245,0.29047300585357244,1.7117273387290002,1.6291966158400664,1.555408384977641,0.05502002955166666,0.0567161264248713,0.04903168611084886,0.09873217234854419,0.10046659650446813,0.08874523636555617
892,315,0.13705873015873016,0.050358871248834376,0.5171666666666667,0.0,0.4739305460778133,0.023014673869225205,1e-06,8.49269838204636,8.492699382046359,True,False,5.168810155693222,0.011497980734892518,0.6181574122773466,0.005080008325923006,0.2792179376029753,0.5317588736528451,0.891336086160114,0.8733850405310476,0.9625581316382206,0.02795879913355803,0.02805935269732367,0.027683307076456762,0.06760487207926633,0.07269694952454643,0.06357199915283498
894,340,0.055178921568627456,0.07728556633993285,0.36333333333333334,0.0,0.5476381910440441,0.02389705882352943,1e-06,20.42136472922254,20.42136572922254,True,False,41.25074062187514,6.695055076074865e-11,0.4332584811915627,0.07903411164716248,0.6512555892008001,0.41806971315229163,1.5343213528473767,1.4917821674395615,1.6765684877829456,0.057170812206112864,0.0593648045148407,0.04630455775242596,0.08764920854450163,0.08891654294247672,0.07655945444800419
895,334,0.05412090105503279,0.12869512972901137,0.7113333333333333,0.0,0.1516005155492121,0.0013977758768177959,1e-06,20.501196591523485,20.501197591523486,True,False,22.779702853228628,9.083717056670102e-07,0.3950976685358735,0.02346526466472837,0.1691942474399097,0.5018957556981296,1.9999552388550514,1.9953857807123916,1.8400673007849597,0.051951754357468884,0.05469678257330771,0.06356464011581908,0.12220462030468836,0.12169753753921021,0.1231613018725908
896,340,0.03631666666666667,0.056602978120306,0.29,0.0,0.5023773241587279,0.004060784313725495,1e-06,29.90051578480561,29.90051678480561,True,False,30.511096822029458,1.6598112812367492e-08,0.4749632698736377,0.031011556925927674,0.6515732310387082,0.3779873561122363,2.4415582347887717,2.3956980469138394,2.5229472992894904,0.029806452744721212,0.032146933893110456,0.02636057727307959,0.05176248982415663,0.053043718126695415,0.044952287827669676
902,340,0.023609803921568626,0.02155698055494927,0.348,0.0,0.036724807651618105,0.0006470588235294103,1e-06,43.392490216784275,43.39249121678427,True,False,0.30078479741769115,0.29169542056068,0.593852737814895,0.0060983652013449005,0.14320831288932193,0.5394870669567096,2.8513284736717432,2.850724325191657,3.4922052282643037,0.0053269448642486675,0.005431078892991291,0.005500583054494363,0.009077267747141475,0.009116691613658986,0.009169947273187295
939,340,0.07671032913165267,0.03549342443443828,0.31866666666666665,0.0,0.3925694096082224,0.00767990196078433,1e-06,14.21689706834892,14.21689806834892,True,False,4.212552077343389,0.020062962061473892,0.6039272910240913,0.014989168550951691,0.4444977999585502,0.43517691616048315,1.527209287204446,1.520707041721031,2.050671754886934,0.02636291286683251,0.02750466858935162,0.0233660798304173,0.038965490717113936,0.039937834248854304,0.0371214522745295
940,340,0.070934418767507,0.026618744306424302,0.157,0.0,0.8759396263269257,0.018103011204481788,1e-06,15.309440865977253,15.309441865977252,True,False,6.112912172851793,0.006709891751740003,0.6122170885245544,0.012982339610312374,0.8157709446895014,0.41519133841765465,1.7883229023480953,1.7787226301396986,2.9749443266142106,0.022067711289813847,0.02411329513846433,0.007790565591585218,0.023606481737974985,0.025743851940942152,0.012582601008711268
943,340,0.3933782913165266,0.06792571124332135,0.569111111111111,0.0,0.6254437671132753,0.034056302521008386,1e-06,2.2523587935132205,2.2523597935132207,True,False,3.7320718864875744,0.02668857252775945,0.5544386657968029,0.004036111039554941,0.3245140098224946,0.40262891157438524,0.09214230337751614,0.08965294237221708,1.552762463152445,0.03448813317113583,0.03755397286244233,0.034995244035596756,0.04590927823425335,0.04990387659044906,0.05029584214756141
944,318,0.021683438155136268,0.042506085809784384,0.4956666666666667,0.0,0.7623208080029035,0.007605870020964363,1e-06,50.353308721422536,50.353309721422534,True,False,41.67106973814202,5.3997624785667215e-11,0.5529915150670797,0.011773629123000142,0.6191932198794471,0.4499540985121575,3.0775481224389054,3.046342533768938,3.407011581226474,0.00932753200075617,0.011284345151978582,0.006836551823826455,0.013349417799563754,0.014526173163531891,0.010039247351606877
964,315,0.20685333185333182,0.05417694657257039,0.6363636363636364,0.0031746031746031746,0.026589025055993063,0.0019496984243416171,4.048701464616999,0.6932174543474205,4.74191891896442,False,False,0.016942492032853806,0.44821860373930056,0.6120832541002615,0.004778775084567983,0.14981337583941307,0.554426262169619,0.5690890599558831,0.5690890597327024,-2.6068531886424604,0.02939105704869439,0.029391055374610755,0.030155632026312044,0.07646805601902962,0.07646805612607023,0.0770664554664478
965,532,0.05896115288220551,0.08256506723400867,0.778,0.0,0.2752333264464469,0.012634085213032588,1e-06,18.773262396947363,18.773263396947364,True,False,29.972530055044444,2.1910524495672988e-08,0.5230422654731918,0.027959295547751367,0.41905734675510975,0.3622837247724707,1.906154064936101,1.8791872508092027,1.9764277840534952,0.034448611006992626,0.03740768199849542,0.03385111955425633,0.06363378275785891,0.06589028080238543,0.06223923726359808
966,532,0.029154135338345863,0.02203715901630703,0.1985,0.0,0.1863861488846799,0.005547619047619044,1e-06,35.50324510506133,35.50324610506133,True,False,3.1128091792988926,0.038839437995274256,0.5731866035370463,0.02079440453995498,0.24581902016902063,0.43692314241142494,2.4985622816192317,2.4980230387692037,2.7882540729792273,0.013160820495016438,0.013312808819873786,0.01304627252313873,0.022590979499697926,0.022614947120832347,0.02280179858659255
971,532,0.15863361528822054,0.03995961442664908,0.531,0.0,0.5000434443253482,0.01853289473684211,1e-06,7.441884081016556,7.441885081016556,True,False,5.098798582395375,0.011971210586396707,0.6205090426928768,0.005217688436738114,0.3878086921971912,0.48122117784601737,0.8049754316020838,0.8015958061953171,2.1525802887354843,0.022927246131536533,0.025953320522810786,0.01960394400920956,0.031691072339814746,0.034128131182458055,0.02891759101221801
972,532,0.08025125313283209,0.038012656735385876,0.18433333333333335,0.0,0.6201956210191955,0.007789473684210527,1e-06,13.719955806178058,13.719956806178057,True,False,12.036501824310335,0.00026084392352406703,0.6006099289412511,0.018735228333560554,0.5479631333497987,0.4274065503880743,1.4739633192423784,1.4618964314232987,2.1393532083675204,0.03080777287446663,0.03261125298541519,0.023950684752739516,0.0384468690083052,0.04040307040716246,0.031885730523132566
977,532,0.30278884711779447,0.16218001380853375,0.7286666666666668,0.0,0.5912853519492117,0.007865914786967465,1e-06,4.144446134800929,4.144447134800929,True,False,51.53712715387667,3.5127920467847173e-13,0.5783983286928489,0.019796376678314753,0.3281660394918674,0.35417200165246476,0.30636970964792193,0.25976499037317335,0.7137657167518334,0.10901342269113315,0.13267940372993842,0.0968321138272952,0.1427005915261961,0.1621061220664523,0.13411341056920173
980,532,0.4522390350877193,0.03300561491776881,0.5313333333333333,0.0,0.542890997039646,0.006822681704260647,1e-06,1.073479998333634,1.073480998333634,True,False,0.6118449946850752,0.2170469907845638,0.5248356775056412,0.0009921653736430186,0.4279845612788084,0.43168597763074973,0.005439400223433044,0.0047238981751460095,2.144679392917962,0.02889341270845794,0.030403731017987358,0.022035239254107136,0.0343431706172229,0.03600526104722389,0.028256216078363483
983,532,0.414140350877193,0.16255134793815748,0.93,0.0,0.8347270291045319,0.07450626566416035,1e-06,2.4569331193788013,2.4569341193788015,True,False,44.774374377107655,1.1054871082917148e-11,0.5719570370156852,0.016582549802310158,0.7186636961282896,0.3585732500018832,-0.037755545107451875,-0.07685050876900487,0.940426107035879,0.1267770109894743,0.1384926981574987,0.06389563546640017,0.16563047770363745,0.18306506335114733,0.09341086508433581
984,532,0.31808020050125313,0.1827645558174584,0.8036666666666668,0.0,0.8444761256091765,0.004155388471177968,1e-06,4.294145745968191,4.294146745968191,True,False,98.99348366133117,1.2666698924771671e-23,0.5885337080819026,0.023857834653815232,0.6236228829923965,0.34002575960690407,0.32693985286756677,0.2299433693241671,1.0910313616549483,0.11391689909698872,0.15489166768800447,0.06360869968221536,0.13983685265818782,0.17821935443330547,0.08682542360137789
990,532,0.05904949874686717,0.0427707316054653,0.24666666666666665,0.0,0.5167507556792816,0.005779448621553884,1e-06,18.320522312351404,18.320523312351405,True,False,17.07490746522444,1.7966980641595732e-05,0.557759668396124,0.047793688754300734,0.673796698488154,0.27993411148055475,1.9091534923957014,1.892455720777619,2.2101067084136092,0.03439373189461015,0.036086034387492104,0.023283437980220232,0.041554468145936704,0.04297659824267609,0.03645969680804622
995,532,0.04318421052631578,0.05641430369226432,0.41,0.0,0.21794295790838558,0.006330827067669166,1e-06,24.599020348208402,24.599021348208403,True,False,15.752403039205092,3.609808616431908e-05,0.5076533837951861,0.03508176525512079,0.3183834511153623,0.3011356592243781,2.361167957574944,2.3498182582953016,2.4336821493750853,0.024828134039924715,0.026053714047387055,0.024533796260399192,0.030416104066806716,0.031191449133205793,0.03072319938157945
996,532,0.05203195488721805,0.06472446891326539,0.3641666666666666,0.0,0.5625069735521445,0.04930075187969925,1e-06,21.312353315634667,21.312354315634668,True,False,49.065894419262804,1.2375324471466585e-12,0.5109503664841969,0.055721506404807046,0.6141230509666388,0.14455249954854302,2.3481225228911433,2.3054292191773014,2.343629954692708,0.034204583920309575,0.03835528432667016,0.026931905973613002,0.038887303096816296,0.04249407679267487,0.03715236383655024
