scenario,n,rep,Khat,Z,scaled_exp,c_oracle,c_feasible,cover_oracle95,median_above_oracle,cover_feasible95,median_above_feasible
endpoint_baseline,10000,0,0.9988752791442362,11.247208557637611,0.6330596391658126,0.056423489381652356,0.05802309911733043,True,True,True,True
endpoint_baseline,10000,1,0.9999856419615556,0.14358038444406418,0.008081556050254278,0.05650836875606131,,True,True,,
endpoint_baseline,10000,2,0.9991975975964843,8.024024035157007,0.45163968768987167,0.05671978340725835,0.05954839018609345,True,True,True,True
endpoint_baseline,10000,3,0.9960611813036816,39.388186963184026,2.217000893913028,0.05624030611281926,,True,False,,
endpoint_baseline,10000,4,0.9997224008780954,2.7759912190461478,0.156249258689477,0.056482184521843254,0.057285462831060965,True,True,True,True
endpoint_baseline,10000,5,0.9990904992158252,9.095007841748437,0.5119210116004872,0.055932566304178095,,True,True,,
endpoint_baseline,10000,6,0.9991486180653831,8.513819346168683,0.47920827426539137,0.056269554086914995,0.055500353978331994,True,True,True,True
endpoint_baseline,10000,7,0.9985371952004063,14.628047995937088,0.8233533448368101,0.05615349606125567,,True,False,,
endpoint_baseline,10000,8,0.9967796081758643,32.20391824135693,1.8126276184106684,0.05646675816638259,0.05888413082349079,True,False,True,False
endpoint_baseline,10000,9,0.9991172998004697,8.827001995302952,0.4968360522013931,0.055959278884097685,,True,True,,
endpoint_baseline,10000,10,0.999573639242294,4.26360757705968,0.23998113491415107,0.05624608108319887,0.05587859001730426,True,True,True,True
endpoint_baseline,10000,11,0.9981547067112666,18.45293288733396,1.0386405635977882,0.05567900534418041,,True,False,,
endpoint_baseline,10000,12,0.9979010796417024,20.98920358297618,1.1813969287155819,0.05663419192223336,0.059017724092599005,True,False,True,False
endpoint_baseline,10000,13,0.9982532063431182,17.467936568817954,0.9831991257704478,0.056287787974698016,,True,False,,
endpoint_baseline,10000,14,0.9988523982137327,11.476017862672716,0.6459383846199406,0.05662912680140808,0.059003541369107286,True,True,True,True
endpoint_baseline,10000,15,0.9970588746478315,29.411253521685055,1.6554398761645237,0.05603081537410605,,True,False,,
endpoint_baseline,10000,16,0.993896078414116,61.0392158588402,3.4356492785333277,0.056609727104425966,0.0598871621624114,False,False,False,False
endpoint_baseline,10000,17,0.9987771209117635,12.228790882364837,0.6883089171638973,0.05624424712526915,,True,True,,
endpoint_baseline,10000,18,0.9979025939766076,20.974060233923673,1.180544571169457,0.05653543176910136,0.05860171124318966,True,False,True,False
endpoint_baseline,10000,19,0.9992261349787305,7.738650212695264,0.4355771555380765,0.0566693408145201,,True,True,,
endpoint_baseline,10000,20,0.9992775860485229,7.224139514770966,0.40661744032467606,0.05615328897913462,0.05532282072047989,True,True,True,True
endpoint_baseline,10000,21,0.9994173570164356,5.826429835643632,0.32794604549879697,0.05656804559855874,,True,True,,
endpoint_baseline,10000,22,0.9965000456677632,34.99954332236821,1.9699819873599382,0.0562096179902695,0.0554676257256546,True,False,True,False
endpoint_baseline,10000,23,0.9968284497239444,31.715502760556458,1.785136696867422,0.05642051498931671,,True,False,,
endpoint_baseline,10000,24,0.9954569090817087,45.43090918291304,2.557121158278819,0.05632252245049556,0.05798205458085606,True,False,True,False
endpoint_baseline,10000,25,0.9986357027261308,13.642972738692194,0.7679074638693812,0.056418786337974605,,True,False,,
endpoint_baseline,10000,26,0.9999192920216499,0.8070797835013632,0.04542723947040527,0.05572196275852682,0.05127173286314312,True,True,True,True
endpoint_baseline,10000,27,0.9944716100642085,55.283899357915224,3.111705913502859,0.05628710226504358,,False,False,,
endpoint_baseline,10000,28,0.9987445493444806,12.554506555193523,0.7066421280450591,0.056430660760855574,0.057556041545795286,True,False,True,False
endpoint_baseline,10000,29,0.9992827929077724,7.172070922275564,0.4036867109611997,0.05655287049194474,,True,True,,
endpoint_baseline,10000,30,0.9988181469902319,11.818530097681412,0.6652170056922989,0.05611799375507381,0.05540312610895375,True,True,True,True
endpoint_baseline,10000,31,0.9999036144301211,0.9638556987889846,0.0542515182995264,0.05653484932111556,,True,True,,
endpoint_baseline,10000,32,0.9996225374715483,3.774625284517219,0.2124583098425742,0.056015913963191145,0.0546054301065837,True,True,True,True
endpoint_baseline,10000,33,0.9998709213474659,1.2907865253408701,0.07265312524301756,0.057039839481627476,,True,True,,
endpoint_baseline,10000,34,0.9998582230526507,1.4177694734929247,0.07980047908867575,0.055809509778551446,0.05200635349812382,True,True,True,True
endpoint_baseline,10000,35,0.9993544996645326,6.455003354673972,0.3633258931389756,0.056698193020126963,,True,True,,
endpoint_baseline,10000,36,0.9985505389448885,14.494610551114562,0.8158426936172066,0.0563905623679989,0.05657304181816081,True,False,True,False
endpoint_baseline,10000,37,0.9946055803115602,53.94419688439789,3.036299508426596,0.05615626482205391,,False,False,,
endpoint_baseline,10000,38,0.9983688792150693,16.31120784930662,0.9180915693457639,0.05616486460969755,0.05548466066252094,True,False,True,False
endpoint_baseline,10000,39,0.9992369639345917,7.630360654082846,0.42948197658329046,0.05622186367579343,,True,True,,
endpoint_baseline,10000,40,0.9987671494429677,12.328505570322612,0.6939214515144954,0.05590456201391444,0.0538313690132038,True,True,True,True
endpoint_baseline,10000,41,0.999322265670605,6.777343293949967,0.38146909770400705,0.05679847951202212,,True,True,,
endpoint_baseline,10000,42,0.9988464735803148,11.535264196852468,0.6492731198785183,0.05615317091377003,0.056246658604759865,True,True,True,True
endpoint_baseline,10000,43,0.9990585734179821,9.414265820179013,0.5298907451206166,0.056377946831005485,,True,True,,
endpoint_baseline,10000,44,0.9949666751984385,50.3332480156149,2.8330538785262194,0.05638708792771418,0.05888387543161565,True,False,True,False
endpoint_baseline,10000,45,0.9992229231966694,7.770768033306119,0.43738493707093457,0.05710338981235395,,True,True,,
endpoint_baseline,10000,46,0.9998890758695036,1.109241304964037,0.06243468294108378,0.05623961038373074,0.055868451441947777,True,True,True,True
endpoint_baseline,10000,47,0.9981331992682064,18.668007317935718,1.050746228815322,0.05616195092097566,,True,False,,
endpoint_baseline,10000,48,0.9991378645799694,8.62135420030552,0.4852609739738347,0.05621302611989723,0.056114172870889704,True,True,True,True
endpoint_baseline,10000,49,0.9985659626296306,14.34037370369401,0.8071613285946097,0.05570667579320121,,True,False,,
endpoint_baseline,10000,50,0.9995741016752241,4.258983247759085,0.23972085022009418,0.056409233013977544,0.05686029638414845,True,True,True,True
endpoint_baseline,10000,51,0.9974573318833373,25.426681166627052,1.4311644993546784,0.05648997065450246,,True,False,,
endpoint_baseline,10000,52,0.9995248786352988,4.751213647011809,0.267426498011765,0.0559644648771987,0.0534675570794966,True,True,True,True
endpoint_baseline,10000,53,0.9994857614855408,5.142385144591977,0.2894439511283332,0.05627700622721018,,True,True,,
endpoint_baseline,10000,54,0.9999048858468785,0.951141531214672,0.05353588950188823,0.05630630740529024,0.054989180540036105,True,True,True,True
endpoint_baseline,10000,55,0.9985791751354316,14.20824864568404,0.7997245462925909,0.05612548706967208,,True,False,,
endpoint_baseline,10000,56,0.9990951696772576,9.04830322742356,0.5092921987585837,0.056488414371925574,0.06007703529441539,True,True,True,True
endpoint_baseline,10000,57,0.9963923479173338,36.07652082666224,2.0306006721441814,0.05613294084599828,,True,False,,
endpoint_baseline,10000,58,0.9974876996707611,25.123003292388812,1.414071706551672,0.055663446594608375,0.05162065404945899,True,False,True,False
endpoint_baseline,10000,59,0.9964405553064017,35.594446935982575,2.0034666929242717,0.05674851599110908,,True,False,,
endpoint_baseline,10000,60,0.9996971593675662,3.0284063243379844,0.1704566786601452,0.05552693171831992,0.05032024317212406,True,True,True,True
endpoint_baseline,10000,61,0.9990519083282704,9.480916717296006,0.5336422531203779,0.05593327045340582,,True,True,,
endpoint_baseline,10000,62,0.9998527815832329,1.4721841676712533,0.08286326097676107,0.05601492365200196,0.05427107943497095,True,True,True,True
endpoint_baseline,10000,63,0.9990317174131343,9.682825868656542,0.5450068982987388,0.056357914528831,,True,True,,
endpoint_baseline,10000,64,0.9995266824270956,4.733175729043637,0.26641121695053854,0.05627687080146426,0.05676392559099537,True,True,True,True
endpoint_baseline,10000,65,0.999633238805054,3.6676119494605253,0.20643496432268368,0.056261630672924376,,True,True,,
endpoint_baseline,10000,66,0.9987908679450539,12.091320549461049,0.680571271071705,0.05665958634319805,0.05858269922042158,True,True,True,False
endpoint_baseline,10000,67,0.9977316785114079,22.683214885921288,1.2767459371997358,0.05614722082889593,,True,False,,
endpoint_baseline,10000,68,0.9994253766894928,5.746233105071719,0.32343209761048675,0.05605385781717764,0.05491669176535231,True,True,True,True
endpoint_baseline,10000,69,0.9983173030231146,16.826969768853893,0.9471217107369221,0.056779770247276325,,True,False,,
endpoint_baseline,10000,70,0.9994988800623793,5.011199376206976,0.282060037620203,0.05628268240964542,0.05798916610470982,True,True,True,True
endpoint_baseline,10000,71,0.9996852611744259,3.1473882557409016,0.17715368780469717,0.05637726167309064,,True,True,,
endpoint_baseline,10000,72,0.9988955939355055,11.044060644944675,0.6216252691487877,0.055968817528367736,0.054566830131276126,True,True,True,True
endpoint_baseline,10000,73,0.998879826796101,11.201732038990109,0.6304999508362177,0.056454162997906954,,True,True,,
endpoint_baseline,10000,74,0.9969587312783625,30.41268721637458,1.711806507063186,0.05627442717422266,0.05809555130365676,True,False,True,False
endpoint_baseline,10000,75,0.9972288463934181,27.711536065818663,1.5597696915333408,0.05613532918431655,,True,False,,
endpoint_baseline,10000,76,0.9983074826732504,16.925173267495765,0.952649186385342,0.05604043522294485,0.05441164175419493,True,False,True,False
endpoint_baseline,10000,77,0.9988817370208662,11.18262979133755,0.6294247629845643,0.05598529118315254,,True,True,,
endpoint_baseline,10000,78,0.999760378254073,2.396217459269545,0.134873337891284,0.05612755770381721,0.05431066289187871,True,True,True,True
endpoint_baseline,10000,79,0.9988584239851603,11.415760148396625,0.6425467228879569,0.05694345677127963,,True,True,,
endpoint_baseline,10000,80,0.9990478745762487,9.521254237513377,0.5359126881232313,0.05574385563821659,0.05141882849598685,True,True,True,True
endpoint_baseline,10000,81,0.9988638821259359,11.36117874064091,0.6394745573704489,0.05628690809201432,,True,True,,
endpoint_baseline,10000,82,0.9977208623896616,22.791376103383776,1.2828338923530205,0.05622838903336174,0.05676767932206676,True,False,True,False
endpoint_baseline,10000,83,0.999730572858501,2.6942714149902347,0.15164958318748709,0.056532407040268,,True,True,,
endpoint_baseline,10000,84,0.9992254168381011,7.745831618989341,0.4359813676991593,0.05647003205211383,0.05759808950259715,True,True,True,True
endpoint_baseline,10000,85,0.9991826347579911,8.173652420089272,0.4600616610967629,0.05661261799960414,,True,True,,
endpoint_baseline,10000,86,0.99844249661604,15.575033839599906,0.876655327583206,0.05606845099708921,0.05441041529778389,True,False,True,False
endpoint_baseline,10000,87,0.9986031367603169,13.968632396831326,0.7862375219114207,0.05639845055951637,,True,False,,
endpoint_baseline,10000,88,0.9999244269868238,0.7557301317617782,0.04253697635889951,0.05632334007906717,0.056843460875904576,True,True,True,True
endpoint_baseline,10000,89,0.9960066268190525,39.93373180947501,2.2477073951548157,0.05636363066624551,,True,False,,
endpoint_baseline,10000,90,0.998971320304941,10.286796950590427,0.5790019747869408,0.055995516522606176,0.053127333047788675,True,True,True,True
endpoint_baseline,10000,91,0.9996213617066773,3.786382933227417,0.21312010008250548,0.05658710666512468,,True,True,,
endpoint_baseline,10000,92,0.9997849372314496,2.150627685504336,0.12105008808081968,0.05640566956813465,0.05711777843893908,True,True,True,True
endpoint_baseline,10000,93,0.9958000904665243,41.9990953347571,2.363958310336203,0.05613223053190337,,True,False,,
endpoint_baseline,10000,94,0.999866776183608,1.3322381639202518,0.07498626943852334,0.05638974167585125,0.058748590077377025,True,True,True,True
endpoint_baseline,10000,95,0.9995260836403893,4.739163596106932,0.26674824964118676,0.056156475383590525,,True,True,,
endpoint_baseline,10000,96,0.9995684622684099,4.315377315901037,0.24289504302056403,0.05655839101812446,0.058265658018359395,True,True,True,True
endpoint_baseline,10000,97,0.99841947314373,15.805268562699704,0.8896143040245225,0.05640358325907729,,True,False,,
endpoint_baseline,10000,98,0.9997875975873796,2.1240241262043824,0.11955268189646309,0.05579784828333578,0.05348209524441139,True,True,True,True
endpoint_baseline,10000,99,0.9958267393360157,41.732606639842686,2.348958745228137,0.05638641209454034,,True,False,,
endpoint_baseline,10000,100,0.9987217638529312,12.782361470687897,0.7194671547924357,0.05623193662524978,0.05564227260643844,True,False,True,False
endpoint_baseline,10000,101,0.9989961867201265,10.038132798735333,0.5650056807340524,0.05662362486832683,,True,True,,
endpoint_baseline,10000,102,0.9994186293675897,5.813706324102608,0.32722989076726466,0.0565533337371323,0.0582973081097044,True,True,True,True
endpoint_baseline,10000,103,0.9976067227120331,23.932772879668995,1.3470784760323609,0.0566479434032084,,True,False,,
endpoint_baseline,10000,104,0.9965285160554191,34.71483944580855,1.9539571637390079,0.056094300505804745,0.05607643070086719,True,False,True,False
endpoint_baseline,10000,105,0.9986933096391379,13.066903608620617,0.7354828748036766,0.0563401629583906,,True,False,,
endpoint_baseline,10000,106,0.997357053868754,26.42946131246049,1.4876069165136339,0.05583757176722805,0.054200015928508836,True,False,True,False
endpoint_baseline,10000,107,0.9998489051941012,1.5109480589881041,0.08504512280709445,0.05635722231875509,,True,True,,
endpoint_baseline,10000,108,0.9983894113562254,16.10588643774613,0.9065348619148136,0.0564672075236701,0.05611857737707756,True,False,True,False
endpoint_baseline,10000,109,0.9963136055147761,36.86394485223899,2.074921568920262,0.05619405037274181,,True,False,,
endpoint_baseline,10000,110,0.9973990429824151,26.00957017584893,1.4639729516884925,0.056138086246355225,0.05732139749405676,True,False,True,False
endpoint_baseline,10000,111,0.9992745051469385,7.254948530615035,0.4083515545587413,0.055836221465989176,,True,True,,
endpoint_baseline,10000,112,0.9940964352016458,59.035647983541885,3.322876589231745,0.05610057022755748,0.05573905220419817,False,False,False,False
endpoint_baseline,10000,113,0.9955080051449474,44.91994855052583,2.5283612618201263,0.0563572693204384,,True,False,,
endpoint_baseline,10000,114,0.9990751426813366,9.248573186634301,0.5205645804756995,0.05670529819334664,0.060634735303969074,True,True,True,True
endpoint_baseline,10000,115,0.9977417422354486,22.582577645513524,1.2710814761227764,0.05617764649828218,,True,False,,
endpoint_baseline,10000,116,0.997022479238599,29.775207614010093,1.675925372203783,0.056550001769280225,0.0591488745471156,True,False,True,False
endpoint_baseline,10000,117,0.9995429682664323,4.570317335677032,0.25724458016137935,0.0568845083350008,,True,True,,
endpoint_baseline,10000,118,0.9992965610180492,7.034389819507991,0.39593720149035383,0.0566976642466212,0.06042748198460723,True,True,True,True
endpoint_baseline,10000,119,0.9990419086688739,9.580913311261208,0.5392706548139193,0.05659999563242619,,True,True,,
endpoint_baseline,10000,120,0.9968039458248719,31.96054175128138,1.7989289453400026,0.0563694940726757,0.05685932526302212,True,False,True,False
endpoint_baseline,10000,121,0.9974107985901108,25.892014098891636,1.4573561980932375,0.056481832284776906,,True,False,,
endpoint_baseline,10000,122,0.9995564138876373,4.4358611236272605,0.24967658667680676,0.056337388102114604,0.05543453388077089,True,True,True,True
endpoint_baseline,10000,123,0.999085196366783,9.14803633217054,0.5149057697153643,0.05607925116834364,,True,True,,
endpoint_baseline,10000,124,0.999912870964291,0.8712903570895492,0.04904139158095392,0.056410822192175844,0.05579360403950893,True,True,True,True
endpoint_baseline,10000,125,0.9993317373260608,6.682626739391573,0.37613788796031933,0.05583198213390019,,True,True,,
endpoint_baseline,10000,126,0.999060113157954,9.398868420460449,0.5290240880954558,0.055993744750897106,0.05413858151421437,True,True,True,True
endpoint_baseline,10000,127,0.9997037799740516,2.962200259484238,0.16673020845981804,0.05619925245013466,,True,True,,
endpoint_baseline,10000,128,0.9992046682431767,7.9533175682333646,0.4476599081554223,0.056343718528066494,0.05559191089263029,True,True,True,True
endpoint_baseline,10000,129,0.995662569314897,43.3743068510295,2.4413633750512953,0.05653229663673869,,True,False,,
endpoint_baseline,10000,130,0.9999060766806593,0.9392331934066078,0.05286561758533179,0.05579313262739863,0.05314233303845041,True,True,True,True
endpoint_baseline,10000,131,0.997630668751817,23.693312481829487,1.3336002238710423,0.05593082224214375,,True,False,,
endpoint_baseline,10000,132,0.9973149450647719,26.850549352280815,1.511308250153853,0.05560816580708412,0.05091556160094821,True,False,True,False
endpoint_baseline,10000,133,0.9993465220263053,6.534779736947494,0.36781618133068295,0.056629381326341474,,True,True,,
endpoint_baseline,10000,134,0.9956228367201225,43.77163279877472,2.463727237143992,0.055996902686755154,0.05530567832107667,True,False,True,False
endpoint_baseline,10000,135,0.9987814689047779,12.185310952220751,0.6858616086831385,0.05640514840807452,,True,True,,
endpoint_baseline,10000,136,0.9995677774314417,4.322225685583492,0.24328050990488753,0.05650912785452861,0.05669383207475204,True,True,True,True
endpoint_baseline,10000,137,0.9986351926075866,13.64807392413403,0.7681945888567572,0.05638028385430457,,True,False,,
endpoint_baseline,10000,138,0.9988869621073136,11.130378926863527,0.6264837742725193,0.056653507681649,0.058908549289997746,True,True,True,True
endpoint_baseline,10000,139,0.9996913466554003,3.086533445997297,0.17372841799660513,0.05573275746935083,,True,True,,
endpoint_baseline,10000,140,0.9984175689619167,15.824310380833095,0.8906860905442452,0.05636315051470593,0.05812646631119068,True,False,True,False
endpoint_baseline,10000,141,0.9952279818997056,47.72018100294373,2.685974960972551,0.05616555953473019,,True,False,,
endpoint_baseline,10000,142,0.9977242955621141,22.75704437885939,1.280901499170484,0.056370889049819295,0.05923460658026105,True,False,True,False
endpoint_baseline,10000,143,0.9982270317915214,17.72968208478609,0.9979317166211381,0.056353919998375156,,True,False,,
endpoint_baseline,10000,144,0.9976997642439618,23.00235756038216,1.2947091807282303,0.05579453557313591,0.05345982360354943,True,False,True,False
endpoint_baseline,10000,145,0.995049999931568,49.500000684320476,2.7861537741863818,0.056147385835944454,,True,False,,
endpoint_baseline,10000,146,0.9987709427503014,12.29057249698573,0.6917863530501932,0.055896577674622555,0.05386951867759088,True,True,True,True
endpoint_baseline,10000,147,0.9973800452747301,26.199547252698796,1.4746659889078195,0.05641862799704942,,True,False,,
endpoint_baseline,10000,148,0.9985621331230319,14.378668769681191,0.8093168021533546,0.05619849770814073,0.05587534456578614,True,False,True,False
endpoint_baseline,10000,149,0.9977177496637528,22.822503362471824,1.2845859192053295,0.05663908903479959,,True,False,,
endpoint_baseline,10000,150,0.9990720456262281,9.27954373771911,0.5223077868716725,0.05606421369910457,0.05480088647932941,True,True,True,True
endpoint_baseline,10000,151,0.9988797886688482,11.202113311518103,0.630521411116585,0.05643966111355706,,True,True,,
endpoint_baseline,10000,152,0.9995500907180905,4.499092819094663,0.2532356417180022,0.05580481177276988,0.052314361075520614,True,True,True,True
endpoint_baseline,10000,153,0.9966416889638263,33.58311036173678,1.8902567351460469,0.05648436490103666,,True,False,,
endpoint_baseline,10000,154,0.9989398441326182,10.601558673818401,0.5967186323832471,0.056192834628248596,0.05584111989778073,True,True,True,True
endpoint_baseline,10000,155,0.9980732849219981,19.26715078001906,1.0844695782109788,0.05637041313598755,,True,False,,
endpoint_baseline,10000,156,0.9936947866932409,63.0521330675915,3.5489482038010927,0.05614580587322543,0.05646624183968536,False,False,False,False
endpoint_baseline,10000,157,0.9968063089863367,31.93691013663291,1.7975988178363116,0.05631167501092082,,True,False,,
endpoint_baseline,10000,158,0.9998169301024808,1.8306989751915026,0.10304260179019765,0.05661474766046013,0.05940230369939491,True,True,True,True
endpoint_baseline,10000,159,0.9959611191173752,40.388808826248294,2.2733218301103686,0.05620638718179616,,True,False,,
endpoint_baseline,10000,160,0.999382300907516,6.17699092483992,0.3476777038471677,0.05688221158567181,0.0610947932682401,True,True,True,True
endpoint_baseline,10000,161,0.9998657500116033,1.3424998839672853,0.0755638599363704,0.056321367638524286,,True,True,,
endpoint_baseline,10000,162,0.9999816227215571,0.18377278442893719,0.010343822825271392,0.05689602869000799,0.06179672048306965,True,True,True,True
endpoint_baseline,10000,163,0.9987571423892825,12.428576107175182,0.6995540151525189,0.05634566656830995,,True,False,,
endpoint_baseline,10000,164,0.9975671257999805,24.328742000194747,1.36936596783766,0.05689728267651253,0.06139503734982232,True,False,True,False
endpoint_baseline,10000,165,0.9989061015032106,10.93898496789425,0.615710986519657,0.05655594548575344,,True,True,,
endpoint_baseline,10000,166,0.998709510724441,12.904892755589703,0.7263639426139602,0.056250003078085024,0.055053660090154985,True,False,True,False
endpoint_baseline,10000,167,0.9954166422085,45.833577914999864,2.579785743978632,0.05625706370931654,,True,False,,
endpoint_baseline,10000,168,0.9990766362529343,9.233637470656975,0.5197239097511518,0.056614873998359815,0.058997754024093074,True,True,True,True
endpoint_baseline,10000,169,0.9986456928037576,13.543071962424102,0.7622844553644206,0.05663616139415528,,True,False,,
endpoint_baseline,10000,170,0.9949722160064863,50.27783993513668,2.8299351829623687,0.056133085368107336,0.056605934840329795,True,False,True,False
endpoint_baseline,10000,171,0.9981007489680618,18.992510319382205,1.0690111833550362,0.05644128554142266,,True,False,,
endpoint_baseline,10000,172,0.9995624823830751,4.375176169248984,0.24626087733660632,0.05608377221831169,0.054202565912595806,True,True,True,True
endpoint_baseline,10000,173,0.9981448845386015,18.551154613984934,1.0441690652267264,0.056389143090431755,,True,False,,
endpoint_baseline,10000,174,0.9988504881892103,11.495118107897051,0.6470134597630511,0.05585681207950303,0.05298804658923891,True,True,True,True
endpoint_baseline,10000,175,0.9993198149216577,6.801850783423324,0.3828485246403315,0.05650090846113323,,True,True,,
endpoint_baseline,10000,176,0.9983842194886532,16.157805113468093,0.9094571530726665,0.05615827383500464,0.05621563166593351,True,False,True,False
endpoint_baseline,10000,177,0.996785090727983,32.14909272016953,1.8095417127406426,0.05635051312382746,,True,False,,
endpoint_baseline,10000,178,0.9996222430563585,3.7775694364150514,0.2126240241821403,0.05609412038264014,0.053861577603603154,True,True,True,True
endpoint_baseline,10000,179,0.999331633477822,6.683665221780544,0.3761963399115811,0.056599703940152964,,True,True,,
endpoint_baseline,10000,180,0.9986715002912804,13.284997087196215,0.7477584699563715,0.055703483715229665,0.05206270745685462,True,False,True,True
endpoint_baseline,10000,181,0.9999644867622959,0.3551323770412118,0.019988957554551524,0.05657642177987715,,True,True,,
endpoint_baseline,10000,182,0.99911182130982,8.88178690179986,0.4999196718356279,0.055965848672952664,0.055091558248553524,True,True,True,True
endpoint_baseline,10000,183,0.9998177230702564,1.8227692974359666,0.10259627247098076,0.05665626657555476,,True,True,,
endpoint_baseline,10000,184,0.9994819139848292,5.180860151707822,0.29160955284157963,0.05603467772651924,0.05516776784759303,True,True,True,True
endpoint_baseline,10000,185,0.9998258932105276,1.7410678947238356,0.09799763270581345,0.056585310929024496,,True,True,,
endpoint_baseline,10000,186,0.9990795014273494,9.20498572650641,0.5181112195693635,0.05617762913140915,0.0548456485634502,True,True,True,True
endpoint_baseline,10000,187,0.9996843404267854,3.1565957321455507,0.1776719392144122,0.05595385758897437,,True,True,,
endpoint_baseline,10000,188,0.9984928108411174,15.071891588825936,0.8483354960364043,0.05664290941317925,0.05917315561297452,True,False,True,False
endpoint_baseline,10000,189,0.99904037617673,9.596238232699728,0.5401332323313892,0.05652076726398841,,True,True,,
endpoint_baseline,10000,190,0.998554509526109,14.454904738909757,0.8136078148898899,0.055692484259540355,0.05185243492833153,True,False,True,False
endpoint_baseline,10000,191,0.9993732498087173,6.267501912826656,0.35277219934814374,0.05664255980031093,,True,True,,
endpoint_baseline,10000,192,0.9967899408337126,32.1005916628736,1.806811785428139,0.056125276901321484,0.057017771896864834,True,False,True,False
endpoint_baseline,10000,193,0.9992724852189836,7.275147810164029,0.4094884898753725,0.05621948876544387,,True,True,,
endpoint_baseline,10000,194,0.9992974243568131,7.025756431868757,0.39545126320303003,0.056298809106123816,0.056354669601452065,True,True,True,True
endpoint_baseline,10000,195,0.9992787680639735,7.212319360264674,0.4059521318876278,0.05674665738833143,,True,True,,
endpoint_baseline,10000,196,0.9981049913192569,18.950086807431042,1.0666233363590176,0.05629032533984755,0.055647754661777446,True,False,True,False
endpoint_baseline,10000,197,0.9928120597715118,71.87940228488232,4.045799296841673,0.05634155463559619,,False,False,,
endpoint_baseline,10000,198,0.9995382650188332,4.617349811667504,0.25989184700337137,0.057118948687123264,0.06324773945493226,True,True,True,True
endpoint_baseline,10000,199,0.9975372033551083,24.62796644891685,1.386208095425751,0.05608300530823873,,True,False,,
endpoint_baseline,10000,200,0.9997651020672191,2.3489793278086424,0.1322144955390455,0.05629354824574727,0.05714589560260408,True,True,True,True
endpoint_baseline,10000,201,0.9957755538103608,42.244461896392416,2.3777689964434447,0.056451673416964686,,True,False,,
endpoint_baseline,10000,202,0.9974113405934873,25.886594065126502,1.4570511264301629,0.056017696049801495,0.05456345372236639,True,False,True,False
endpoint_baseline,10000,203,0.9997923107920352,2.076892079647674,0.11689981063214619,0.05721156761235953,,True,True,,
endpoint_baseline,10000,204,0.9901829710788125,98.1702892118752,5.525606424633316,0.05655027253425042,0.06023749219305124,False,False,False,False
endpoint_baseline,10000,205,0.9989649171919895,10.350828080104568,0.5826060267201715,0.05560088598609966,,True,True,,
endpoint_baseline,10000,206,0.9998370250947652,1.6297490523475844,0.09173194768486567,0.05613777322435016,0.055379260825546325,True,True,True,True
endpoint_baseline,10000,207,0.9996669475791699,3.3305242083014885,0.18746166595342317,0.05634523710673881,,True,True,,
endpoint_baseline,10000,208,0.9978815507949208,21.18449205079198,1.192388922536552,0.056081137140760275,0.055121747004863234,True,False,True,False
endpoint_baseline,10000,209,0.9964527801334236,35.472198665763564,1.9965858348485197,0.056284285425535784,,True,False,,
endpoint_baseline,10000,210,0.9932955736973783,67.04426302621691,3.7736489673869387,0.056229300085095794,0.05695702987929941,False,False,False,False
endpoint_baseline,10000,211,0.9985739558130939,14.260441869060614,0.802662290621626,0.05636595236949458,,True,False,,
endpoint_baseline,10000,212,0.9972536853642924,27.46314635707625,1.5457888447673942,0.05584272954792454,0.053225462633362496,True,False,True,False
endpoint_baseline,10000,213,0.9998141683950867,1.8583160491325579,0.10459705459280597,0.05653743416184945,,True,True,,
endpoint_baseline,10000,214,0.9977523681273315,22.476318726685207,1.2651005936249655,0.05599446563269919,0.054536575760684644,True,False,True,False
endpoint_baseline,10000,215,0.9950352506435568,49.64749356443199,2.79445554870976,0.0567470198124774,,True,False,,
endpoint_baseline,10000,216,0.998813361761807,11.86638238192983,0.6679104162078345,0.055945855044303,0.05282379405745459,True,True,True,True
endpoint_baseline,10000,217,0.9962062004966262,37.937995033737735,2.1353754866066956,0.0560929255383856,,True,False,,
endpoint_baseline,10000,218,0.9952218000117068,47.781999882932084,2.6894544943748624,0.05685319783315904,0.06191802179642828,True,False,True,False
endpoint_baseline,10000,219,0.9991081208294205,8.918791705795348,0.502002521792996,0.05595017808282275,,True,True,,
endpoint_baseline,10000,220,0.995790048912388,42.099510876120185,2.369610292875354,0.056272835388370954,0.05769148386784696,True,False,True,False
endpoint_baseline,10000,221,0.9999966048848569,0.03395115143134397,0.0019109722705190895,0.05616261665838183,,True,True,,
endpoint_baseline,10000,222,0.999852399257025,1.4760074297504033,0.08307845685401895,0.0566277014783428,0.05802760174097415,True,True,True,True
endpoint_baseline,10000,223,0.9973339645033827,26.660354966172584,1.5006029814799402,0.05675227378170455,,True,False,,
endpoint_baseline,10000,224,0.9996432745620567,3.567254379432949,0.20078624475430043,0.05653257939943394,0.05780996600942114,True,True,True,True
endpoint_baseline,10000,225,0.997530474577978,24.695254220219454,1.3899954504839243,0.05619257784032049,,True,False,,
endpoint_baseline,10000,226,0.9990276390918986,9.723609081013773,0.5473024194999848,0.05665958159857119,0.05865285281263621,True,True,True,True
endpoint_baseline,10000,227,0.9996284445342798,3.7155546572020803,0.20913346440899094,0.05661100670876289,,True,True,,
endpoint_baseline,10000,228,0.9998941562459879,1.0584375401212487,0.05957514558345202,0.05687599640222475,0.061356435528293514,True,True,True,True
endpoint_baseline,10000,229,0.9985723848260365,14.276151739635035,0.8035465353607734,0.05667272896356505,,True,False,,
endpoint_baseline,10000,230,0.9986593236771673,13.406763228327456,0.7546121909460842,0.05605146014807812,0.056017900527736024,True,False,True,False
endpoint_baseline,10000,231,0.9989047684872389,10.952315127611412,0.6164612870104254,0.05676937382479379,,True,True,,
endpoint_baseline,10000,232,0.9994650254408936,5.349745591064492,0.3011154275438755,0.056566223662828784,0.05694295373714438,True,True,True,True
endpoint_baseline,10000,233,0.9970800169334821,29.199830665178617,1.6435397432057122,0.056056077091730834,,True,False,,
endpoint_baseline,10000,234,0.9948148210853995,51.851789146004634,2.918526384449493,0.056483818518588545,0.059055115362262364,True,False,False,False
endpoint_baseline,10000,235,0.9965246413484531,34.75358651546912,1.9561380787467044,0.056176510172646424,,True,False,,
endpoint_baseline,10000,236,0.9999077845440059,0.9221545599413794,0.05190433074837696,0.05630840276094199,0.0572618275854762,True,True,True,True
endpoint_baseline,10000,237,0.9989611514789101,10.3884852108993,0.5847255935007434,0.056381511933904484,,True,True,,
endpoint_baseline,10000,238,0.9954184567154891,45.8154328451088,2.5787644317713396,0.05653334347038075,0.05980625680637651,True,False,True,False
endpoint_baseline,10000,239,0.9995764363839317,4.235636160683232,0.2384067376165917,0.0564050694448283,,True,True,,
endpoint_baseline,10000,240,0.9983666035740082,16.333964259918066,0.9193724351727435,0.05636714682954806,0.0587392411729872,True,False,True,False
endpoint_baseline,10000,241,0.9958572059701551,41.42794029844854,2.331810315627979,0.05631999878230137,,True,False,,
endpoint_baseline,10000,242,0.9932159135082639,67.84086491736119,3.818486448899109,0.05659839023286806,0.06152265367662537,False,False,False,False
endpoint_baseline,10000,243,0.9992811054183025,7.188945816974934,0.40463653017141515,0.05667638060079564,,True,True,,
endpoint_baseline,10000,244,0.9999577782670179,0.4222173298207288,0.02376489678270938,0.056295897183199904,0.056431917103186804,True,True,True,True
endpoint_baseline,10000,245,0.9993063533650485,6.93646634951528,0.39042548751601364,0.056618705980196714,,True,True,,
endpoint_baseline,10000,246,0.9996133814649101,3.8661853508992206,0.21761185370092356,0.05629902740564732,0.05681551780543477,True,True,True,True
endpoint_baseline,10000,247,0.9993288727112964,6.7112728870355465,0.3777502631375067,0.05644463286061736,,True,True,,
endpoint_baseline,10000,248,0.9902997811511468,97.00218848853193,5.459858784350886,0.05639946513446532,0.06030718280635117,False,False,False,False
endpoint_baseline,10000,249,0.999560320069358,4.396799306419785,0.24747795580944076,0.056644602440159286,,True,True,,
endpoint_baseline,10000,250,0.9985611171061876,14.388828938124432,0.8098886767243274,0.0567275272055201,0.06012667571165134,True,False,True,False
endpoint_baseline,10000,251,0.9977330646494598,22.669353505402334,1.2759657364499497,0.05646690990780813,,True,False,,
endpoint_baseline,10000,252,0.9998178771600925,1.8212283990748368,0.10250954156744242,0.05649163351132445,0.05796199052236758,True,True,True,True
endpoint_baseline,10000,253,0.9982003864379366,17.996135620633737,1.0129293027682909,0.05737890589307118,,True,False,,
endpoint_baseline,10000,254,0.999773122420161,2.2687757983896883,0.12770016497127906,0.0561406533854909,0.055126457054650434,True,True,True,True
endpoint_baseline,10000,255,0.9990320408568594,9.679591431406287,0.5448248449769695,0.056564386521152914,,True,True,,
endpoint_baseline,10000,256,0.9985761451155026,14.238548844973664,0.8014300213116272,0.0559105760563503,0.05410430150387759,True,False,True,False
endpoint_baseline,10000,257,0.9974397013666649,25.602986333350675,1.4410880003422486,0.05645888877216822,,True,False,,
endpoint_baseline,10000,258,0.9962599131952073,37.40086804792653,2.105142792504748,0.056180228130427966,0.055497546598745826,True,False,True,False
endpoint_baseline,10000,259,0.9977846684075712,22.15331592428815,1.2469200791900155,0.05667583818209943,,True,False,,
endpoint_baseline,10000,260,0.998445307550408,15.546924495920544,0.8750731669185706,0.05674254624439521,0.061210513145632424,True,False,True,False
endpoint_baseline,10000,261,0.9993607005836015,6.3929941639850885,0.35983564792112455,0.0566829317604468,,True,True,,
endpoint_baseline,10000,262,0.9991358116446181,8.64188355381934,0.4864164878118831,0.056356417408753835,0.05653363627653069,True,True,True,True
endpoint_baseline,10000,263,0.9987570808275674,12.429191724325772,0.6995886657388595,0.056539842356254956,,True,False,,
endpoint_baseline,10000,264,0.9993383215746058,6.616784253942187,0.37243188216636935,0.056523379771641735,0.05770675893778583,True,True,True,True
endpoint_baseline,10000,265,0.999694861059932,3.05138940068006,0.17175030257949137,0.056343889636983155,,True,True,,
endpoint_baseline,10000,266,0.9996622545677857,3.377454322143203,0.1901031712462606,0.056205646250581005,0.05635091026829157,True,True,True,True
endpoint_baseline,10000,267,0.9939250396450408,60.749603549592464,3.419348179193808,0.05571647649726212,,False,False,,
endpoint_baseline,10000,268,0.9947858645860024,52.14135413997623,2.9348248206045002,0.05567878613793522,0.05247203500215914,True,False,True,False
endpoint_baseline,10000,269,0.9998652130391054,1.3478696089463948,0.07586609992243222,0.056389143823051234,,True,True,,
endpoint_baseline,10000,270,0.9994516959664724,5.483040335275691,0.3086180467262804,0.05596747970783552,0.053185769768375364,True,True,True,True
endpoint_baseline,10000,271,0.9989649823298873,10.350176701127145,0.5825693632460042,0.055575935542797134,,True,True,,
endpoint_baseline,10000,272,0.9980904763095284,19.09523690471593,1.074793245162714,0.05643495752284654,0.056908640770225456,True,False,True,False
endpoint_baseline,10000,273,0.9994410833748726,5.589166251274147,0.3145914430355808,0.05690136053553702,,True,True,,
endpoint_baseline,10000,274,0.9979413662340677,20.58633765932294,1.1587212439042662,0.056429285918937123,0.057064654996835454,True,False,True,False
endpoint_baseline,10000,275,0.9968899901242937,31.1000987570631,1.75049810771028,0.05639659233780948,,True,False,,
endpoint_baseline,10000,276,0.9995710415309486,4.289584690514436,0.24144328100897652,0.05637447980055099,0.05662363658832645,True,True,True,True
endpoint_baseline,10000,277,0.9976072941925617,23.927058074383332,1.3467568128789211,0.056343158548323835,,True,False,,
endpoint_baseline,10000,278,0.9945675935581049,54.32406441895132,3.0576807074256935,0.0562427150935331,0.057652471428579835,False,False,False,False
endpoint_baseline,10000,279,0.9984143402552728,15.856597447272414,0.892503398236643,0.056228585427168826,,True,False,,
endpoint_baseline,10000,280,0.9904847121669522,95.1528783304778,5.355768634749418,0.05657328099581633,0.06188112240627432,False,False,False,False
endpoint_baseline,10000,281,0.9976077940073176,23.92205992682417,1.3464754874750142,0.05619982911825699,,True,False,,
endpoint_baseline,10000,282,0.9972171480889461,27.828519110538743,1.5663541914738812,0.05621811417808477,0.05747894295148711,True,False,True,False
endpoint_baseline,10000,283,0.9964916472860506,35.08352713949448,1.9747090949523034,0.05637842852858925,,True,False,,
endpoint_baseline,10000,284,0.9999412738227954,0.5872617720459328,0.0330545773737623,0.056470071673216105,0.05730068272065704,True,True,True,True
endpoint_baseline,10000,285,0.9939721288749562,60.27871125043771,3.392843566297087,0.05608579307898856,,False,False,,
endpoint_baseline,10000,286,0.9974580040412551,25.41995958744936,1.4307861689923447,0.05588104010458499,0.05451275349897298,True,False,True,False
endpoint_baseline,10000,287,0.9998663249702741,1.336750297259437,0.07524023907809518,0.056174983494560245,,True,True,,
endpoint_baseline,10000,288,0.993560018580929,64.39981419070983,3.6248036946226367,0.055486028227719086,0.051963626061936066,False,False,False,False
endpoint_baseline,10000,289,0.9994194810143244,5.80518985675571,0.3267505334478049,0.05601034584822647,,True,True,,
endpoint_baseline,10000,290,0.9935858641621637,64.14135837836344,3.6102562678130563,0.05606985984991345,0.05677103235044732,False,False,False,False
endpoint_baseline,10000,291,0.9968880709348416,31.119290651584475,1.7515783414196797,0.056138926353996685,,True,False,,
endpoint_baseline,10000,292,0.9996553596300473,3.4464036995274228,0.19398405135476726,0.056124781704015865,0.0547476119273116,True,True,True,True
endpoint_baseline,10000,293,0.9961144588811099,38.85541118890057,2.1870131118161864,0.05607253495306716,,True,False,,
endpoint_baseline,10000,294,0.9999375478746747,0.6245212532529631,0.035151762075864276,0.05592295023787861,0.05317847813958522,True,True,True,True
endpoint_baseline,10000,295,0.997027842101456,29.721578985439923,1.6729068347526805,0.05645504367691932,,True,False,,
endpoint_baseline,10000,296,0.9987546591262567,12.453408737432836,0.7009517429415865,0.05646445585066995,0.056430165940580264,True,False,True,False
endpoint_baseline,10000,297,0.998045491431939,19.545085680610086,1.1001134036969267,0.056342308623625756,,True,False,,
endpoint_baseline,10000,298,0.9976841156139078,23.15884386092204,1.3035171583207592,0.056539025550019106,0.05900467940229921,True,False,True,False
endpoint_baseline,10000,299,0.9990164311412942,9.835688587057634,0.5536109191859648,0.05648368958533033,,True,True,,
