n,rep,exclude_X0_gap,include_X0_gap
300,0,15.808014352555888,0.0
300,1,2.777154444108476,0.0
300,2,2.7567816504629916,0.0
300,3,4.25532205976995,0.0
300,4,6.21848682311289,0.0
300,5,27.995686935438112,0.0
300,6,7.143426198534664,0.0
300,7,9.327927753304499,0.0
300,8,2.0884155279354832,0.0
300,9,12.735187580930186,0.0
300,10,3.796151916019719,0.0
300,11,9.597892965996369,0.0
300,12,13.274296859698886,0.0
300,13,28.378520776117355,0.0
300,14,28.800649884533346,0.0
300,15,2.1014465362398926,0.0
300,16,13.901050582333696,0.0
300,17,24.021896883699167,0.0
300,18,1.5979483743588152,0.0
300,19,5.323728806701656,0.0
300,20,6.757496412132902,0.0
300,21,7.265002223303274,0.0
300,22,24.395458460992014,0.0
300,23,1.0600172593018375,0.0
300,24,9.805478605677942,0.0
300,25,0.8161573184163773,0.0
300,26,3.489311204927237,0.0
300,27,11.635424278145868,0.0
300,28,4.414802506410831,0.0
300,29,3.7345960913619525,0.0
300,30,1.8040117251094112,0.0
300,31,19.28417582126628,0.0
300,32,16.05054742063585,0.0
300,33,20.370016712229923,0.0
300,34,7.927886825652719,0.0
300,35,8.152018215466716,0.0
300,36,16.37242790668656,0.0
300,37,37.90772097425067,0.0
300,38,2.535265166459144,0.0
300,39,15.877681661776021,0.0
300,40,22.454839962887128,0.0
300,41,6.857972376662613,0.0
300,42,4.303207557540734,0.0
300,43,20.544608021781585,0.0
300,44,12.091955142467858,0.0
300,45,10.395395674548514,0.0
300,46,4.940310802954628,0.0
300,47,18.63881724830696,0.0
300,48,10.463830178399991,0.0
300,49,4.028267480119929,0.0
300,50,5.7683067667971155,0.0
300,51,12.664693629994606,0.0
300,52,1.139295158607423,0.0
300,53,0.4285024794803638,0.0
300,54,4.871964329726442,0.0
300,55,26.588880829002193,0.0
300,56,14.048627127448942,0.0
300,57,1.097392997537705,0.0
300,58,6.931057542770558,0.0
300,59,4.676414636979609,0.0
300,60,26.410315065478695,0.0
300,61,32.029315709574476,0.0
300,62,0.34225798134169816,0.0
300,63,6.474170496176157,0.0
300,64,5.770674882291282,0.0
300,65,1.3502545265487553,0.0
300,66,29.31955662063208,0.0
300,67,2.3212832009242623,0.0
300,68,2.276706701262765,0.0
300,69,10.205943103283277,0.0
300,70,8.868543622591318,0.0
300,71,12.544219900379183,0.0
300,72,6.836664913062229,0.0
300,73,13.739836215517442,0.0
300,74,1.520159466916704,0.0
300,75,0.23501338388387527,0.0
300,76,0.8730416256336304,0.0
300,77,0.5643163599085677,0.0
300,78,22.04949189380002,0.0
300,79,22.331638070008076,0.0
300,80,6.98670719061224,0.0
300,81,18.152864520041767,0.0
300,82,6.545937864646955,0.0
300,83,17.59578336496216,0.0
300,84,16.10098050594726,0.0
300,85,7.617499407759087,0.0
300,86,0.04042545616266269,0.0
300,87,10.161160297332227,0.0
300,88,9.805406877660616,0.0
300,89,3.0724415624113766,0.0
300,90,15.076097636237707,0.0
300,91,0.5273272519611849,0.0
300,92,1.8851826414983508,0.0
300,93,2.227907785526617,0.0
300,94,3.0595747487034197,0.0
300,95,4.6680923564620835,0.0
300,96,0.7265671761369163,0.0
300,97,18.236514352586784,0.0
300,98,15.703238033663036,0.0
300,99,1.3664417221944447,0.0
300,100,21.22619318723874,0.0
300,101,19.9494782062394,0.0
300,102,1.8420293372022778,0.0
300,103,5.652572231712538,0.0
300,104,14.396658414220564,0.0
300,105,13.39500993394549,0.0
300,106,11.935966619138716,0.0
300,107,3.526254785845373,0.0
300,108,16.37477987686814,0.0
300,109,48.67075842625926,0.0
300,110,6.991274895107614,0.0
300,111,14.770710730672754,0.0
300,112,3.9356991319370094,0.0
300,113,3.4700039466637467,0.0
300,114,1.1983384200011438,0.0
300,115,3.72771331915005,0.0
300,116,8.860321018003203,0.0
300,117,14.4979231589077,0.0
300,118,3.5827390200944054,0.0
300,119,2.830030142446094,0.0
300,120,5.749331409793868,0.0
300,121,12.787159184890108,0.0
300,122,4.755082020189283,0.0
300,123,2.4421863292838797,0.0
300,124,12.72483025285589,0.0
300,125,0.7955484529574619,0.0
300,126,18.0963475311133,0.0
300,127,13.590828532853694,0.0
300,128,15.381635703539953,0.0
300,129,10.450171918314632,0.0
300,130,3.9586024985928003,0.0
300,131,0.8962009478143629,0.0
300,132,8.59306962341434,0.0
300,133,13.768382884069252,0.0
300,134,11.756746572435118,0.0
300,135,15.559509458114974,0.0
300,136,4.380360665060934,0.0
300,137,2.699711660626425,0.0
300,138,2.578509575948007,0.0
300,139,12.913680005046501,0.0
300,140,6.15196535034872,0.0
300,141,0.4765082249054142,0.0
300,142,3.025114722303457,0.0
300,143,33.163005604152204,0.0
300,144,6.146942527244548,0.0
300,145,21.08012510946493,0.0
300,146,40.1503094401649,0.0
300,147,15.410862008481862,0.0
300,148,3.918224928683467,0.0
300,149,17.599897368724083,0.0
300,150,15.58677469045624,0.0
300,151,9.408206367755433,0.0
300,152,11.097150079569962,0.0
300,153,0.2500710225701641,0.0
300,154,2.685232108211988,0.0
300,155,2.3141688620465173,0.0
300,156,1.5424290974410226,0.0
300,157,8.483315106350698,0.0
300,158,5.215957188946363,0.0
300,159,6.636503854203967,0.0
300,160,2.0613723123950267,0.0
300,161,9.67561745996509,0.0
300,162,5.628925070622803,0.0
300,163,5.654624736174762,0.0
300,164,7.249585352744903,0.0
300,165,17.214655831406045,0.0
300,166,14.533761430063151,0.0
300,167,8.008648730009782,0.0
300,168,11.969884268324005,0.0
300,169,11.644828969659626,0.0
300,170,9.54947808376322,0.0
300,171,24.642525496514267,0.0
300,172,6.834617730455694,0.0
300,173,17.210033585919682,0.0
300,174,2.5931624205871473,0.0
300,175,13.969349766613126,0.0
300,176,1.5814120971822443,0.0
300,177,20.78842550083143,0.0
300,178,20.46214597225724,0.0
300,179,20.761913010668387,0.0
300,180,5.885371744686186,0.0
300,181,28.430297946636863,0.0
300,182,1.4968247132675194,0.0
300,183,16.36136922219982,0.0
300,184,1.6488485464758562,0.0
300,185,1.131793169056483,0.0
300,186,21.445575422808204,0.0
300,187,27.24325175336527,0.0
300,188,20.22016645717525,0.0
300,189,8.083254235892534,0.0
300,190,5.401706605192369,0.0
300,191,15.055004066617684,0.0
300,192,12.213032605535211,0.0
300,193,14.716850720925756,0.0
300,194,6.362856076776147,0.0
300,195,17.83640504498889,0.0
300,196,10.437711929138771,0.0
300,197,0.599083062198813,0.0
300,198,20.266749365995896,0.0
300,199,2.5685940538980434,0.0
300,200,2.003727728763982,0.0
300,201,17.820390705364865,0.0
300,202,7.950790512852201,0.0
300,203,9.576549742149288,0.0
300,204,23.69491089568746,0.0
300,205,24.750593184246494,0.0
300,206,5.927528476145105,0.0
300,207,5.829927316867911,0.0
300,208,10.00333147586957,0.0
300,209,0.7872908922564092,0.0
300,210,9.98637575525395,0.0
300,211,20.288712809294307,0.0
300,212,1.9471032751108286,0.0
300,213,6.784021001481366,0.0
300,214,14.371150541177647,0.0
300,215,15.774171953696737,0.0
300,216,7.529159076981317,0.0
300,217,4.766687150338678,0.0
300,218,5.216126083869044,0.0
300,219,3.100732283625529,0.0
300,220,19.168350349042385,0.0
300,221,5.365584142289315,0.0
300,222,17.89444071859274,0.0
300,223,1.3435768596910536,0.0
300,224,2.0236834849343466,0.0
300,225,3.6443118356997872,0.0
300,226,17.026261524984466,0.0
300,227,11.632993095029443,0.0
300,228,17.99551636203358,0.0
300,229,8.433044952320024,0.0
300,230,15.575712920093377,0.0
300,231,14.243370699402924,0.0
300,232,13.905260655285922,0.0
300,233,7.157997650301395,0.0
300,234,6.7102411853838255,0.0
300,235,2.9174653472752055,0.0
300,236,6.230682018464185,0.0
300,237,7.379391398890811,0.0
300,238,22.96055368351241,0.0
300,239,27.667427610073247,0.0
300,240,7.738307124393251,0.0
300,241,9.622317353514854,0.0
300,242,7.935609479092253,0.0
300,243,6.384445906730763,0.0
300,244,42.77676397519756,0.0
300,245,14.73638529982626,0.0
300,246,9.094620824006128,0.0
300,247,0.907774788557425,0.0
300,248,7.177788035691124,0.0
300,249,9.301708997415725,0.0
300,250,0.15103413952859412,0.0
300,251,14.342649667000895,0.0
300,252,7.580103509504699,0.0
300,253,17.91735388656689,0.0
300,254,2.374513839512371,0.0
300,255,3.9160610484412772,0.0
300,256,6.150764242186524,0.0
300,257,1.7884480548856496,0.0
300,258,16.589480229407172,0.0
300,259,5.72624275479664,0.0
300,260,9.874416120009222,0.0
300,261,5.9155176566963235,0.0
300,262,9.913863181241878,0.0
300,263,19.960800809682134,0.0
300,264,2.4316299031715283,0.0
300,265,2.749306814375696,0.0
300,266,10.694196230452935,0.0
300,267,6.164830705168168,0.0
300,268,26.87820164992315,0.0
300,269,8.45847127998882,0.0
300,270,14.555303582640489,0.0
300,271,0.7230008382318909,0.0
300,272,23.62730766507949,0.0
300,273,41.06844661729201,0.0
300,274,8.460120682366101,0.0
300,275,25.035388370239808,0.0
300,276,17.948170968208466,0.0
300,277,6.97242033668557,0.0
300,278,2.7790557192820087,0.0
300,279,7.348854696083085,0.0
300,280,14.407698585325313,0.0
300,281,40.403034735765594,0.0
300,282,5.921592304074775,0.0
300,283,10.428781030112887,0.0
300,284,9.562250856802324,0.0
300,285,1.58582714086406,0.0
300,286,5.138359974077766,0.0
300,287,1.3522931965347817,0.0
300,288,5.228064376352726,0.0
300,289,24.96253906647895,0.0
300,290,5.754187848331549,0.0
300,291,0.8340466394932022,0.0
300,292,19.497319999048823,0.0
300,293,31.52991967901536,0.0
300,294,8.91912793446683,0.0
300,295,6.522684198465245,0.0
300,296,2.8206539247662588,0.0
300,297,3.3130159948345117,0.0
300,298,1.1959139410086084,0.0
300,299,1.7785179113923966,0.0
1000,0,12.681003487631903,0.0
1000,1,4.722356417882434,0.0
1000,2,4.283330830254228,0.0
1000,3,7.494207588876867,0.0
1000,4,1.2768698287350944,0.0
1000,5,3.691038269360014,0.0
1000,6,6.755679681561433,0.0
1000,7,11.277368444086333,0.0
1000,8,23.722420362078278,0.0
1000,9,12.194072041400661,0.0
1000,10,7.683945994817809,0.0
1000,11,2.63396047530684,0.0
1000,12,12.059820179598502,0.0
1000,13,3.3916827142623784,0.0
1000,14,8.800710907806097,0.0
1000,15,0.23923447715235024,0.0
1000,16,11.151789730604268,0.0
1000,17,9.12481128944198,0.0
1000,18,14.202955571043896,0.0
1000,19,28.0245567734142,0.0
1000,20,4.426890652652116,0.0
1000,21,8.340422498045896,0.0
1000,22,20.864523206316598,0.0
1000,23,6.411558751826529,0.0
1000,24,14.45553225952434,0.0
1000,25,11.279104366127445,0.0
1000,26,4.879333788676221,0.0
1000,27,7.270935378079657,0.0
1000,28,9.744705469740932,0.0
1000,29,16.671003947794972,0.0
1000,30,2.787346078092834,0.0
1000,31,3.299453824870846,0.0
1000,32,13.929743209704192,0.0
1000,33,24.77514741497522,0.0
1000,34,7.903889918939089,0.0
1000,35,1.3634536108899642,0.0
1000,36,5.618550090202512,0.0
1000,37,8.843551587628063,0.0
1000,38,2.5313357868834707,0.0
1000,39,12.498408660011284,0.0
1000,40,0.07395514975561124,0.0
1000,41,8.064152174787399,0.0
1000,42,6.697009309481028,0.0
1000,43,7.205184388085706,0.0
1000,44,4.485007981741451,0.0
1000,45,9.362765951671292,0.0
1000,46,5.315461371906194,0.0
1000,47,9.180917537872979,0.0
1000,48,6.512635954334489,0.0
1000,49,11.7472386832832,0.0
1000,50,8.005449860946534,0.0
1000,51,9.84376368543749,0.0
1000,52,3.1402348224219834,0.0
1000,53,20.237085280243484,0.0
1000,54,1.381795426527832,0.0
1000,55,24.138791543544926,0.0
1000,56,13.556863911628136,0.0
1000,57,4.575713218332167,0.0
1000,58,6.249383637905059,0.0
1000,59,5.836521210333734,0.0
1000,60,5.507590641446125,0.0
1000,61,2.8259562392897175,0.0
1000,62,15.42903476251556,0.0
1000,63,12.454412465532805,0.0
1000,64,6.951396071187332,0.0
1000,65,1.7911515688642243,0.0
1000,66,4.662323104908661,0.0
1000,67,17.56668229992231,0.0
1000,68,0.005174668984309072,0.0
1000,69,12.107140318485254,0.0
1000,70,14.732939450826654,0.0
1000,71,10.566844501373351,0.0
1000,72,10.46595640043213,0.0
1000,73,8.920817439999173,0.0
1000,74,7.258097055074519,0.0
1000,75,0.7315575128578056,0.0
1000,76,9.867640620525142,0.0
1000,77,4.443292227693574,0.0
1000,78,7.592241211218154,0.0
1000,79,21.246887045385577,0.0
1000,80,1.7650203348236193,0.0
1000,81,23.680714564247694,0.0
1000,82,3.114666739500338,0.0
1000,83,6.751260323016983,0.0
1000,84,4.354797324037096,0.0
1000,85,2.9850855216739802,0.0
1000,86,23.59564148552962,0.0
1000,87,19.77671142959492,0.0
1000,88,24.009166015450447,0.0
1000,89,0.7293235711640644,0.0
1000,90,2.5444070829561127,0.0
1000,91,9.574213785290887,0.0
1000,92,1.09018180074405,0.0
1000,93,23.165772402814255,0.0
1000,94,8.062763104992875,0.0
1000,95,16.619224649050967,0.0
1000,96,17.221799227121526,0.0
1000,97,18.862055947006073,0.0
1000,98,21.39875689676829,0.0
1000,99,11.249933595749994,0.0
1000,100,4.694257472561247,0.0
1000,101,35.06106869612346,0.0
1000,102,22.06361114950961,0.0
1000,103,10.651414241013345,0.0
1000,104,4.344539673328707,0.0
1000,105,7.803271131471168,0.0
1000,106,1.9524514641626745,0.0
1000,107,1.7810797485148244,0.0
1000,108,17.831792684407265,0.0
1000,109,18.205281454453768,0.0
1000,110,2.425612403506694,0.0
1000,111,3.553695636130727,0.0
1000,112,1.8174108442654546,0.0
1000,113,8.659410459292305,0.0
1000,114,1.4395855359252696,0.0
1000,115,1.3847272486813278,0.0
1000,116,7.3877200903759155,0.0
1000,117,12.846065205974089,0.0
1000,118,1.086503367400904,0.0
1000,119,4.002909419004719,0.0
1000,120,8.89710917330866,0.0
1000,121,29.54849128328796,0.0
1000,122,5.387920066260987,0.0
1000,123,23.984325705433296,0.0
1000,124,16.305711986411843,0.0
1000,125,0.20755731225197138,0.0
1000,126,28.519003070741398,0.0
1000,127,19.902727823855713,0.0
1000,128,0.16963613495957208,0.0
1000,129,12.72370473559581,0.0
1000,130,8.735435086484777,0.0
1000,131,3.5618493923510464,0.0
1000,132,7.179611844380762,0.0
1000,133,5.718767758471799,0.0
1000,134,17.418703461288043,0.0
1000,135,8.677842944687985,0.0
1000,136,10.65422368647273,0.0
1000,137,7.630693158807045,0.0
1000,138,5.873944572565182,0.0
1000,139,1.2288443461960785,0.0
1000,140,0.17862643711807902,0.0
1000,141,4.754794486085845,0.0
1000,142,10.872634917628577,0.0
1000,143,0.4542321139582306,0.0
1000,144,9.62074219052289,0.0
1000,145,3.202597337698898,0.0
1000,146,9.51101798634657,0.0
1000,147,5.42998232842784,0.0
1000,148,6.086695471207548,0.0
1000,149,38.95754994121026,0.0
1000,150,8.95168623831899,0.0
1000,151,1.2962629371918721,0.0
1000,152,2.3460915115203207,0.0
1000,153,65.22165362110299,0.0
1000,154,3.3587021142811313,0.0
1000,155,3.520709243078679,0.0
1000,156,1.9369085589998614,0.0
1000,157,1.0399903103488484,0.0
1000,158,40.71723113772252,0.0
1000,159,4.533058468223383,0.0
1000,160,7.191067807520102,0.0
1000,161,8.446837627587133,0.0
1000,162,0.879227986991582,0.0
1000,163,0.9007206169204807,0.0
1000,164,1.8035215532297144,0.0
1000,165,1.0162683149782525,0.0
1000,166,1.1971348086253775,0.0
1000,167,6.477528021733958,0.0
1000,168,8.971049455208435,0.0
1000,169,2.439097612581209,0.0
1000,170,23.31001682749745,0.0
1000,171,6.056369182810384,0.0
1000,172,2.9991369507592625,0.0
1000,173,41.65800122944518,0.0
1000,174,16.86749547434485,0.0
1000,175,6.116889879856924,0.0
1000,176,8.085421209936271,0.0
1000,177,0.24807039177898726,0.0
1000,178,13.759122483918084,0.0
1000,179,1.2593631433966967,0.0
1000,180,23.699743284027576,0.0
1000,181,14.147904871594342,0.0
1000,182,7.271140651613828,0.0
1000,183,2.562423579540285,0.0
1000,184,11.825316090069759,0.0
1000,185,11.737856835688397,0.0
1000,186,12.668561298594948,0.0
1000,187,16.6047851667005,0.0
1000,188,15.897850554220883,0.0
1000,189,14.809536484056473,0.0
1000,190,29.399987171196294,0.0
1000,191,15.865333062114463,0.0
1000,192,17.893995650584692,0.0
1000,193,11.897292357006538,0.0
1000,194,14.944360989894378,0.0
1000,195,0.6480584706797243,0.0
1000,196,8.192668143782388,0.0
1000,197,1.3953549299919876,0.0
1000,198,2.4626727739878174,0.0
1000,199,2.173646484794567,0.0
1000,200,35.39379562037537,0.0
1000,201,22.516808038726243,0.0
1000,202,3.2816104215263042,0.0
1000,203,7.617787653983021,0.0
1000,204,3.486648281024962,0.0
1000,205,18.440099629300267,0.0
1000,206,0.2578922139331308,0.0
1000,207,19.857362168198335,0.0
1000,208,16.703404239159504,0.0
1000,209,1.1745601028533281,0.0
1000,210,0.31783320332534615,0.0
1000,211,8.400989648359115,0.0
1000,212,4.38889625431127,0.0
1000,213,9.284750550187294,0.0
1000,214,0.6797889623236797,0.0
1000,215,3.958618951349191,0.0
1000,216,17.14366558110436,0.0
1000,217,2.4980114887038773,0.0
1000,218,4.712320862820363,0.0
1000,219,0.4435099888631111,0.0
1000,220,31.398838313954958,0.0
1000,221,2.9284986612323483,0.0
1000,222,14.117300601714899,0.0
1000,223,6.112196208209353,0.0
1000,224,8.44692861333829,0.0
1000,225,0.31119229466280984,0.0
1000,226,8.272925681949594,0.0
1000,227,9.335237025435372,0.0
1000,228,6.742217262982186,0.0
1000,229,1.042201213781735,0.0
1000,230,6.704077717033852,0.0
1000,231,12.797182383140427,0.0
1000,232,11.051554317310973,0.0
1000,233,5.889022307350444,0.0
1000,234,9.477036026912188,0.0
1000,235,22.02063931411069,0.0
1000,236,10.15844046971337,0.0
1000,237,13.966504336920927,0.0
1000,238,7.876648230528027,0.0
1000,239,4.642833919453637,0.0
1000,240,22.187266855643095,0.0
1000,241,0.5212455606977695,0.0
1000,242,2.902266724304159,0.0
1000,243,45.48069531408061,0.0
1000,244,8.922842242649832,0.0
1000,245,17.286486859844906,0.0
1000,246,10.868842906678221,0.0
1000,247,0.3912737939115729,0.0
1000,248,10.824891236503099,0.0
1000,249,17.789603643974196,0.0
1000,250,40.172321247155196,0.0
1000,251,7.8139374432363295,0.0
1000,252,2.7992901814286597,0.0
1000,253,1.5997044398075033,0.0
1000,254,19.22694853071838,0.0
1000,255,6.730163336156725,0.0
1000,256,7.812152617292623,0.0
1000,257,23.513314283318042,0.0
1000,258,20.83218296918654,0.0
1000,259,2.7519325258231753,0.0
1000,260,3.375445569646862,0.0
1000,261,12.802859517431987,0.0
1000,262,6.370900045392092,0.0
1000,263,5.399707526639541,0.0
1000,264,16.116678365182157,0.0
1000,265,26.731036740160754,0.0
1000,266,0.2690252824190109,0.0
1000,267,8.017930802929673,0.0
1000,268,19.69225351966053,0.0
1000,269,3.0565120644829857,0.0
1000,270,7.616226797311776,0.0
1000,271,33.638185901124,0.0
1000,272,15.316671122324376,0.0
1000,273,16.18966856804427,0.0
1000,274,14.653948347636558,0.0
1000,275,3.921805322272598,0.0
1000,276,1.1235422995142796,0.0
1000,277,7.306770574017518,0.0
1000,278,23.654442717794932,0.0
1000,279,4.035329024473788,0.0
1000,280,5.7464775563964565,0.0
1000,281,12.023846017909289,0.0
1000,282,14.0261957672122,0.0
1000,283,11.089207765092146,0.0
1000,284,0.8199349933475375,0.0
1000,285,7.582409023821901,0.0
1000,286,10.249687943095553,0.0
1000,287,5.606027742747766,0.0
1000,288,13.949843933252382,0.0
1000,289,11.552796842630663,0.0
1000,290,36.356079188233025,0.0
1000,291,0.4431959356302473,0.0
1000,292,17.967639235501043,0.0
1000,293,14.182232936627459,0.0
1000,294,11.090112639673855,0.0
1000,295,7.289466939202405,0.0
1000,296,20.123914371208752,0.0
1000,297,27.503402464428174,0.0
1000,298,2.885046291469462,0.0
1000,299,9.615546280084653,0.0
