n,rep,Khat,beta1_known,gamma_known,beta1_estimated,gamma_estimated,sqrt_n_delta_beta1,sqrt_n_delta_gamma,cover_beta1_model,cover_gamma_model,cover_beta1_hac,cover_gamma_hac,se_beta1_model,se_gamma_model,se_beta1_hac,se_gamma_hac
500,0,0.9987542260759361,5.598067112651582,5.446948879980001,5.59766511063671,5.451974227842327,-0.008989038323458086,0.11237019430744939,True,True,True,True,0.35536151427874496,0.9819518138538434,0.33572807228571044,0.8121298798397593
500,1,0.9536352905481106,5.19018286828134,4.098624711188353,5.157895032146269,4.237566455976955,-0.7219779644439414,3.10683186259742,True,True,True,True,0.349482871673177,1.0061828516383011,0.3077603405266777,0.7688147806693642
500,2,0.9860433030032156,6.2851168597803735,4.940725557968076,6.2816163919437775,4.980217775566996,-0.07827284035680207,0.8830728313339932,True,True,True,True,0.3705081229316114,1.1283651844561815,0.39170018784674077,1.3205370649951846
500,3,0.999906127833226,5.391397034855971,4.580996290059145,5.3913504068011875,4.58129190952452,-0.0010426350015449934,0.006610252200494959,True,True,True,True,0.3489597858690297,0.9834169122233339,0.32271985510709883,0.9415957893583834
500,4,0.9770796934082323,6.208522051904342,6.188522051904342,6.216345471719885,6.341699160798134,0.17493698524073806,3.4251442808340675,True,True,True,True,0.3655891648600232,1.009623403296369,0.3576900295216519,1.016878302809855
500,5,0.9519982554004969,6.51424645227248,6.49424645227248,6.533758604545234,6.833331293887486,0.43630498869205314,7.582167559909027,False,True,False,True,0.3747769141536096,1.0389079829102266,0.4029188841092262,1.140743063137052
500,6,0.967299927584335,5.427265392562526,4.786817103090402,5.411301624533508,4.9066929546866,-0.35696070489920845,2.680505530297743,True,True,True,True,0.3460518371700594,0.9529711752601624,0.363279830327686,0.9535381265917746
500,7,0.9600663173583359,5.173519945370972,4.509681193283986,5.148610397434268,4.655140813054946,-0.5569944247525995,3.2525759778914023,True,True,True,True,0.33520480378586753,0.8858705957668488,0.3579745131926634,0.8225804277959606
500,8,0.9842970978663903,5.817421605084169,5.502436993739117,5.812450660904239,5.562752255572924,-0.11115369098680285,1.3486902554109153,True,True,True,True,0.35585173761221756,0.9778435753135395,0.3742802139793714,1.027095411949993
500,9,0.9261647069296257,5.4411820005999365,5.421182000599937,5.419256084193491,5.829693189338678,-0.49027839553789754,9.134587875890713,True,True,True,True,0.351268339692349,0.9380353014561182,0.32809797678626734,0.8080744582254241
500,10,0.9979528178467743,5.924809610271026,5.4743724650539995,5.924277190654887,5.481880523539908,-0.01190526454242964,0.16788529153534854,True,True,True,True,0.35998280772496993,1.0142684706512697,0.37953403896565235,1.1007642558834796
500,11,0.9719345488885259,5.1351619282890075,4.687318887562332,5.118996217454737,4.796138895942363,-0.3614762833003377,2.433289360498452,True,True,True,True,0.3392133070500028,0.9065798298272996,0.3265608321167919,0.8874049073471021
500,12,0.9744987264227203,5.309117814477657,5.289117814477658,5.302630456248478,5.420869533242434,-0.14506173994838162,2.94605799310474,True,True,True,True,0.33791503149798796,0.8588090099946311,0.3434003207974481,0.7554943880598487
500,13,0.9838351979969318,5.080162544454702,4.697531418827778,5.071306773800812,4.761882097307842,-0.19802105175247006,1.4389249147965455,True,True,True,True,0.33584309162783865,0.8800811242482117,0.33381272496058756,0.7215749882817662
500,14,0.999483381185058,5.4401964040996145,5.420196404099615,5.4401537600994665,5.422955360871484,-0.0009535488316337943,0.061692148888821983,True,True,True,True,0.3456913370643361,0.9103156805299323,0.3365446074682722,0.8031413816436069
500,15,0.988751088851851,5.446586312454722,5.002553495086985,5.441895734389603,5.046004083979301,-0.10488451407374452,0.9715847042561441,True,True,True,True,0.3391740233862564,0.8901854758217934,0.32875166791161436,0.737667345326578
500,16,0.9789267080266427,5.142766915582143,3.2148595403904427,5.127484659119736,3.258118230235826,-0.3417216429952924,0.9672937111185689,True,False,True,False,0.3451608826983402,1.0265616697043274,0.3230273064093179,0.803553138182964
500,17,0.9822407574647902,5.355910802630481,4.28548613442847,5.346147429472188,4.338980646436124,-0.21831566071640232,1.1961736527229256,True,True,True,True,0.3461739784357337,0.9755276797237235,0.33794559249515943,0.9667700445442485
500,18,0.9697759144436912,5.736504915648291,5.2059073581801165,5.725971341642814,5.32337526423899,-0.23553787522270442,2.62666223122201,True,True,True,True,0.34663828533423563,0.9275383034439487,0.36312046343952786,1.0143922261113525
500,19,0.9687066293366777,5.217177624454236,4.9148683843858745,5.199985716278357,5.04166485609221,-0.38442275344199633,2.8352553004249583,True,True,True,True,0.33726372163735063,0.8741943940993725,0.3584651464392156,0.7481529708570339
500,20,0.8887033012653005,6.134791880278019,5.771252669057602,6.094780123383693,6.253816944748054,-0.8946900831491008,10.790465239567995,True,True,True,True,0.37371927078955,1.0967251102779343,0.3718020567473832,1.046765237919235
500,21,0.9761043412184194,5.223586118436229,5.203586118436229,5.215203137418835,5.322385034097829,-0.18744915408982557,2.6564245107260165,True,True,True,True,0.3356172071429598,0.8489935825720812,0.3360101809989269,0.8827084870804958
500,22,0.9507661717660939,5.632147611357712,5.1834167304074565,5.611676478591883,5.380772454819566,-0.4577484444081721,4.413008155341923,True,True,True,True,0.3515091007858879,0.9670035385480652,0.3095787299129665,1.0311961573400799
500,23,0.9952709810019988,5.90923589509985,5.832281442234389,5.90835792579234,5.852538376558233,-0.019631990537503953,0.45295882163863704,True,True,True,True,0.359051774681623,0.988216159624509,0.33907850117123545,0.9126259412035203
500,24,0.957279987476568,5.8968579564539665,5.876857956453967,5.905738615438406,6.148398266377084,0.19857757174201873,6.07182591619451,True,True,True,True,0.3586544679317633,0.9710972724522353,0.34277720267928335,0.8994268058741998
500,25,0.9991741048017195,5.650366740370633,5.630366740370634,5.650435592957274,5.6350895863885535,0.0015395906415601839,0.10560604743332942,True,True,True,True,0.3463095814153525,0.891526994324019,0.3519947211858331,0.9397318800305241
500,26,0.9801057053820706,5.625676939520583,5.127644723377954,5.618505741279255,5.205246396948848,-0.16035286747735986,1.735226172722673,True,True,True,True,0.34276988066445385,0.9066884115527732,0.34923060345018486,0.8386334705219756
500,27,0.9942932061949884,5.427989807702958,5.4079898077029585,5.428038269908993,5.439077966352348,0.0010836478703347416,0.6951523603533227,True,True,True,True,0.34052894867176864,0.8539530550928239,0.3175912601248915,0.7236465221066095
500,28,0.9901930567601613,5.5873332402314775,5.311410741249423,5.584026267136925,5.35191028591095,-0.07394616639182779,0.9055973492096321,True,True,True,True,0.3391458221695014,0.869846511977211,0.35211424854395773,0.8455799201662622
500,29,0.9677304276369952,6.192280319716909,6.17228031971691,6.203742526191751,6.389943262703042,0.25630272849883895,4.867091366996535,True,True,True,True,0.3656008311733558,1.0019058413192508,0.39477720803983785,0.8539613365932003
500,30,0.9989620993915256,6.052453215379954,6.032453215379954,6.052773423254281,6.039041347943915,0.007160065739257945,0.1473151225779569,True,True,True,True,0.3565531565988871,0.9351112363451746,0.3911229416943129,0.9973319899515045
500,31,0.9677425539314132,5.228331031545852,5.208331031545852,5.21786174419995,5.37112036985855,-0.23410038181415777,3.640080264794035,True,True,True,True,0.3323808064131642,0.8279453034159814,0.3350532453047789,0.8554923298059016
500,32,0.9726264259577061,5.589905380777751,5.327536234214852,5.579610965364597,5.439809074296035,-0.2301901265243321,2.510497024484887,True,True,True,True,0.350072200107574,0.9479613950012921,0.3130769823109856,0.8072815371139965
500,33,0.9871028656674418,6.005076303809076,5.691886882840402,6.0022733744802155,5.742586575226444,-0.06267540515460943,1.1336795861351767,True,True,True,True,0.364594305405572,1.04528553060289,0.36830355989764757,1.1038772768595373
500,34,0.9814568975112397,5.683459123878028,5.663459123878028,5.686839386779952,5.773905508382303,0.07558497630523148,2.469656236206386,True,True,True,True,0.3436505244101075,0.8671210856595463,0.3097210061619246,0.812480797023913
500,35,0.9932864489139185,5.302554051792804,4.7492200855555975,5.299318517341166,4.773816958596946,-0.07234874977404429,0.5500028015438699,True,True,True,True,0.33715393628331214,0.8957024216772913,0.3800830242140316,0.8971820835679963
500,36,0.9751772674957273,5.671393085133962,5.651393085133963,5.674999779838493,5.7989454515901855,0.08064814533419362,3.2993712163707403,True,True,True,True,0.3557249203917426,0.9545862484746543,0.3433228636364075,1.0140150136269344
500,37,0.9974543890480227,5.78743536415477,5.76743536415477,5.787958754597311,5.782679206116171,0.011703366082949137,0.34086266863956227,True,True,True,True,0.35591698008652667,0.9585320557246189,0.3425304912270222,0.9986596255473363
500,38,0.9883228727602232,5.670425770614714,4.409041896439981,5.665285204386967,4.442221622619049,-0.11494655528082581,0.7419212321122455,True,True,True,True,0.348517938449979,0.9895758804406496,0.3581916649003894,1.0283789934797658
500,39,0.9848987308520074,5.580149381344609,5.363436587785483,5.575224954070416,5.427414468666356,-0.11011354135349195,1.4305889070601734,True,True,True,True,0.3446707747337522,0.909703903495464,0.31532803432173856,0.7884965277050137
500,40,0.9509172515992401,6.161336296708789,6.141336296708789,6.163994284706825,6.42255099121697,0.05943441846987977,6.288151731921296,True,True,True,True,0.36559290645572895,1.001407566829133,0.36522333117701145,0.9310331943118954
500,41,0.9842059595132223,5.332287349326103,5.312287349326104,5.328373476109981,5.393559574395836,-0.0875168656656531,1.8173021993858527,True,True,True,True,0.33992617325311847,0.879255055581324,0.32418812838051686,0.7942088059204103
500,42,0.9539035680473753,6.027853508939615,5.899634998141279,6.015526434059346,6.091538824221067,-0.2756417739601173,4.291100002567041,True,True,True,True,0.3720379802123113,1.0703871977164738,0.3722343713685269,1.0296725672938531
500,43,0.949659880930295,5.79927362942253,5.692269639386495,5.78104768177198,5.903910864803981,-0.4075445790098281,4.732441668748545,True,True,True,True,0.3641070081163194,1.014655893150732,0.36158726746055037,0.968873748959501
500,44,0.9923551741242116,5.445429962329774,4.901743823744202,5.442208707310589,4.9298257702729265,-0.07202945195760593,0.6279314137874131,True,True,True,True,0.3462923876870315,0.94823061945549,0.35865146195029485,0.9097468789148482
500,45,0.9919595718124349,5.967774775690452,5.833007510058985,5.96613330388611,5.866228790285964,-0.036704425376570496,0.7428504088709595,True,True,True,True,0.3604875667458898,0.9986993141660461,0.35635932653689234,0.9103809611737164
500,46,0.9958412027614911,5.589864874571333,4.275610537919898,5.587951888161797,4.287086131849838,-0.04277567651756169,0.2566020810952935,True,True,True,True,0.3452404102110177,0.9739767539239794,0.3705776985687876,1.0659276883302342
500,47,0.9969613051657973,5.389604771479988,4.048614934079974,5.387985177190667,4.056942051352932,-0.03621522926891504,0.18620000278946724,True,True,True,True,0.3336646836140204,0.8976237454935548,0.345202838836348,0.898566503573261
500,48,0.9844187613061306,5.124701901875633,4.603566853750906,5.1158416580161195,4.661605837314961,-0.19812107567096923,1.297791125942198,True,True,True,True,0.33455984821738827,0.8823977056950265,0.3336238205473259,0.9208789213789407
500,49,0.951833584411814,5.564212612349848,4.8233664624499895,5.540486823070347,4.9945244728732545,-0.5305247764880019,3.8272094620003823,True,True,True,True,0.3507591669441579,0.9811928892967839,0.34313897770831475,0.8601028929794451
500,50,0.989840944776616,5.616655183808899,5.13647401974748,5.612969026057498,5.174261991763584,-0.08242499307921197,0.8449647415986797,True,True,True,True,0.35367779502824703,0.9889782654341469,0.34060173608961536,0.8546837697237591
500,51,0.9188356466736476,5.45367250775896,4.399196588406264,5.401956012358127,4.668151986968736,-1.156415992743181,6.014025541012366,True,True,True,True,0.35356213940019016,1.0345197040390932,0.3281780144040224,0.9855588113532285
500,52,0.9827151002605319,6.1274981746977115,5.455410535259422,6.123581010959744,5.517635026236987,-0.08759044397092677,1.3913819169115742,True,True,True,True,0.3609002546493789,1.0152145635620342,0.36493016448459653,0.9355639915007491
500,53,0.9677690156785043,6.3955115574672075,6.375511557467208,6.410849973275352,6.60369351543531,0.3429774041416783,5.102303692556767,True,True,True,True,0.3674346211568331,0.997092244914264,0.370785651441302,0.9501346277190147
500,54,0.9940996537399133,4.8364009858376,4.548771189706663,4.832562775003931,4.572276675810743,-0.08582500336061458,0.5255986477289906,False,True,False,True,0.3242246701858707,0.8112501653846793,0.34199542537144734,0.8042590692964283
500,55,0.9858193005800266,5.806134253644202,5.624130937837783,5.802396510159676,5.683296506863223,-0.0835784851385618,1.3229823426834035,True,True,True,True,0.3526910684944366,0.9497943097022237,0.3510517158751258,1.0322830230064663
500,56,0.9493425399794816,5.549720179264005,4.832152306241024,5.5246394706706665,5.015321579139121,-0.5608216933856838,4.095789455893536,True,True,True,True,0.35029864411265227,0.9791557837027073,0.3538686238300356,0.9508711465981265
500,57,0.9854496891654672,5.187662184975153,5.132153880535589,5.1812346221385335,5.198128797820978,-0.14372467432332564,1.475243998600551,True,True,True,True,0.33140865977885275,0.8290562370226074,0.3370709329693213,0.7953047759596041
500,58,0.9853163205393014,5.696254996941127,4.609684784615732,5.690179012076218,4.654597751571667,-0.13586315188195933,1.0042844718467234,True,True,True,True,0.3504311276187575,0.9984775783241359,0.37193517812925975,1.152246731662578
500,59,0.9979398431154846,5.5180180882700975,5.183222047638073,5.517276911571337,5.191309061466031,-0.016573214817666264,0.18083112654295028,True,True,True,True,0.3457042089607153,0.9194649382715596,0.36531025375307896,0.9088889806383585
500,60,0.9705351757483837,6.279577380685457,6.2595773806854575,6.289875770494595,6.46022516974706,0.23027899672022656,4.4866209587678245,True,True,True,True,0.3641195461500105,0.9713075323461235,0.39904409048199585,0.928827541525121
500,61,0.9665600907032112,5.820292083973041,5.800292083973042,5.823179564551885,6.003951146306734,0.0645660285800494,4.553955076120023,True,True,True,True,0.3609696813627073,1.0023475148997358,0.33033099592477333,0.8805162292516912
500,62,0.9423292926812771,5.198679051407384,4.427318243660546,5.161229720714042,4.636669862311643,-0.8373924914218328,4.681244505034664,True,True,True,True,0.339602525562539,0.92251307380393,0.3015865248451059,0.7303292890706825
500,63,0.9804225407986086,5.576704244621855,5.3292200863334225,5.569911146401659,5.411226655582152,-0.15189829398190155,1.8337226344170354,True,True,True,True,0.34478377628838514,0.9144744336572882,0.3185514499401545,0.8209349898478053
500,64,0.9815229537979974,5.9220629310616,5.697721767020997,5.918143973084626,5.776214822311002,-0.08763056437478553,1.7551580739009953,True,True,True,True,0.3548323462388896,0.972842821301368,0.3846052867368352,1.0087257557857536
500,65,0.9963480799423696,6.1697496249272845,6.149749624927285,6.170950085103522,6.17349519603561,0.026843105583482664,0.5309671116276968,True,True,True,True,0.36413557483159237,1.0078920411892542,0.34775762823709366,0.8881588554288968
500,66,0.9564024249244739,5.398379246454567,3.9620928544757787,5.371977686045572,4.083618530985787,-0.5903568378658121,2.7173967368802856,True,True,True,True,0.3428031604733225,0.9793351585110867,0.34226311881674654,0.8663797505998727
500,67,0.9696217160288362,5.653184551089139,5.351594553196003,5.643138581388363,5.480375924488996,-0.2246347115083931,2.8796390044677196,True,True,True,True,0.34612389630992796,0.9185965256833069,0.36309945012038075,0.9423968224784951
500,68,0.9811217670246195,5.704890234477143,5.684890234477144,5.706025909483138,5.795433452390683,0.02539446513751771,2.471821497062468,True,True,True,True,0.3498346006291124,0.9215063815850133,0.34346895156761337,0.8950902684936195
500,69,0.9808168622919263,5.565141672390142,4.446002077191191,5.5556473204917,4.501214711432009,-0.21230016247220615,1.2345920337930183,True,True,True,True,0.3583858167613957,1.0651875217091231,0.3504796926174628,0.9091120905849313
500,70,0.939273081817105,5.348885028124233,4.521671991597432,5.311716309234072,4.734775349287169,-0.8311178207498064,4.765135940277039,True,True,True,True,0.346193440290534,0.9655154220112997,0.3168659326143591,0.8833085007620316
500,71,0.9500140337323101,5.9924503118477945,5.972450311847795,6.0016545732467526,6.296385485745605,0.20581354170747457,7.243410691387197,True,True,True,True,0.35616347234955875,0.9403099974168616,0.39957981050739483,1.0270380944324031
500,72,0.973392091855242,5.641722110117405,5.621722110117405,5.64477669820444,5.778531329018573,0.06830266605872704,3.5063607296165715,True,True,True,True,0.35148836110181336,0.9251541274736325,0.3466610607385815,0.9515649001642148
500,73,0.9864220017387385,5.127408494891199,3.406981506535706,5.117897050256144,3.437609773799003,-0.21268236768208262,0.6848688763376338,True,False,True,False,0.336301253565069,0.9581102747191341,0.34999317724314943,0.9661455171258613
500,74,0.9771559814114196,5.77492183791094,4.262631644497903,5.76435361847839,4.319963825719438,-0.23631257052315155,1.2819865450968981,True,True,True,True,0.36229988515005884,1.1124191147703462,0.363764727888356,1.068177492149479
500,75,0.9578904864803748,5.699019658261265,5.381844495824674,5.683550303500573,5.554005404780345,-0.34590528812966065,3.849634954930338,True,True,True,True,0.3566161254906808,0.996021221239985,0.32150227618126553,0.845917678791888
500,76,0.9783949586285035,5.448903344428133,5.428903344428133,5.448140112031776,5.548004989356084,-0.017066395208830857,2.663193742909409,True,True,True,True,0.3444699614085678,0.8931531482985285,0.3221814978727337,0.9260467738839252
500,77,0.9668429374510061,6.511398423575671,6.491398423575672,6.532207817200705,6.735538488153569,0.4653121871612625,5.459137804273674,False,True,False,True,0.3762006445916218,1.0517978722180203,0.38834086118936045,1.0385075469302372
500,78,0.9468563106262312,5.65834712579857,5.63834712579857,5.656834959174385,5.9532105303774125,-0.033813073649832104,7.0405597626531,True,True,True,True,0.35492470413792365,0.9585710332250074,0.362822122236548,1.01376779274373
500,79,0.9824894429714437,6.121215451427597,5.710989615487155,6.11844278778703,5.783065613777706,-0.06199864379049228,1.6116683172382968,True,True,True,True,0.3558717996915337,0.9606288960975112,0.376466162604783,1.1116058470854822
500,80,0.9462553975024584,5.670278820296634,5.581096794845187,5.650613075687912,5.825602012206159,-0.4397394177325253,5.467302868724953,True,True,True,True,0.3486065584160784,0.9159457193432814,0.3503430760687447,0.8922778532437102
500,81,0.996829134290133,6.070379770449519,5.822430780281632,6.069873268665766,5.8353713637267095,-0.011325724191963572,0.28936024251701786,True,True,True,True,0.3597740478753462,0.9930909034132853,0.3423150952113114,1.0132254361460695
500,82,0.9350705708967539,6.125129412138673,5.625805048240859,6.107373008368403,5.890889156293511,-0.3970452586625726,5.927460853606294,True,True,True,True,0.36068933807693226,0.9984661980459582,0.39543424814160477,0.9435604418999923
500,83,0.9893755862372323,5.0507430856182935,4.309092236511852,5.044226601465316,4.345512590853737,-0.1457130154035822,0.8143838807308512,True,True,False,True,0.33210672578503164,0.8762518903764417,0.3282586083808118,0.7225015447595112
500,84,0.9828524961934693,5.233591875656451,5.213591875656451,5.228421318270534,5.299290929658772,-0.11561717796473248,1.9162891035661476,True,True,True,True,0.3304948117695196,0.8147097082029909,0.32373816381037557,0.7849908748657285
500,85,0.9881017760008375,5.971108775531208,4.630220724131554,5.966959083913424,4.663480601291436,-0.09278992543026848,0.7437134625278827,True,True,True,True,0.3557394202729889,1.0155126367223555,0.41048179392427786,1.0339108185582808
500,86,0.8749763795733639,5.738826252081041,5.430807032298109,5.673322206953474,6.0030558646467185,-1.4647149770645425,12.79587289176372,True,True,True,True,0.36438584866112916,1.0454338367531808,0.3682299037471021,0.9939807553948329
500,87,0.9943236438806634,5.382529763973999,4.9086076401736465,5.380023811215974,4.929718667929244,-0.05603480715346259,0.47205693136400284,True,True,True,True,0.34436933294953675,0.9349763738802658,0.3331404669373008,0.8217910490610831
500,88,0.9743504834679928,5.51707208407923,4.584833323149337,5.504149452485904,4.66509080850545,-0.2889588269086476,1.7946119295946281,True,True,True,True,0.3548751474254245,1.0210910698146036,0.3335162658665426,0.8535089511983706
500,89,0.9678600111087906,5.593554739678158,4.8114629908094555,5.580157717070134,4.929955863919621,-0.29956653247643683,2.6495811912358658,True,True,True,True,0.33722811808361125,0.879329262685181,0.34973637794217893,0.7702278416665992
500,90,0.9785905589841769,5.581816503247031,4.8317189568353545,5.5727180084004155,4.906193052771256,-0.20344852969962815,1.665291410755163,True,True,True,True,0.3486880954411457,0.968785557631215,0.33592326067047745,0.7977614177196458
500,91,0.9995611734904621,5.758157966203748,5.738157966203748,5.758208480101247,5.740727663584066,0.0011295250861744807,0.05746018023992647,True,True,True,True,0.3470911500738749,0.9081610024214233,0.3259378268660149,0.7653937043475384
500,92,0.9987662260279493,5.871836255172155,5.851836255172155,5.872205389986203,5.859434607896358,0.008254105370730475,0.16990433208339503,True,True,True,True,0.3600459635359117,0.9880486821017791,0.32535543660855254,0.8188967983754989
500,93,0.9885058706418511,5.5951685005737035,5.575168500573704,5.595303734388522,5.640132142835325,0.0030239200279054248,1.4526312016296345,True,True,True,True,0.3547064805641855,0.9720666333195674,0.31517035070639143,0.8082939637123561
500,94,0.9519706661192295,5.42275515628428,5.055049627530135,5.400634159546435,5.257202901188927,-0.4946405243587316,4.520284617751778,True,True,True,True,0.3450452643886806,0.9395952979246989,0.3061302062580835,0.7634275629374738
500,95,0.9948874787373485,5.606922138554236,4.61499802199071,5.6047537816127475,4.630739407415114,-0.04848593520650908,0.3519880786899311,True,True,True,True,0.35162107978311247,1.003343398028431,0.35531870975819196,0.832283807070976
500,96,0.977963783626034,5.711639244864637,5.546936861822813,5.704881894685582,5.642159104623882,-0.15109894348137332,2.1292340787318165,True,True,True,True,0.34275543220125115,0.8716835639476489,0.3748714109937991,0.9090685581836017
500,97,0.8930655279112716,5.553742998748377,4.033409716539802,5.477874974169083,4.338507818630049,-1.6964606027792624,6.822200960799621,True,True,True,True,0.3580693351728453,1.0813093073314657,0.36193807632631175,1.0205757963271498
500,98,0.9935892146733313,5.941031485187557,5.921031485187558,5.943065316514242,5.9612818144987685,0.04547785101235742,0.9000247245661929,True,True,True,True,0.3723779567388573,1.0752530621057685,0.3193876791537857,1.025210813016141
500,99,0.9985436981659502,5.458701380361053,5.039205634604434,5.458119977326696,5.044692689579534,-0.013000567071477613,0.12269427920603115,True,True,True,True,0.3462769059738086,0.9349965627040248,0.34744988849332087,0.8751398193272228
500,100,0.9360873996034955,5.593668284766874,5.573668284766875,5.6097720622223335,5.971421113658862,0.36009141084935636,8.894023636453266,True,True,True,True,0.3482798863361999,0.882640050672544,0.3232194978176207,0.8963291147306768
500,101,0.9999896147660605,5.41739092542674,4.7194081667349295,5.4173861964639425,4.719443320762334,-0.00010574282277944944,0.0007860679495961147,True,True,True,True,0.34450371184045736,0.9436057109372588,0.3277116987688516,0.7533558010303795
500,102,0.9756750551214539,5.500784090847343,5.480784090847344,5.4942341980166205,5.600435321190189,-0.14646005614834762,2.6754828463808784,True,True,True,True,0.3417136889177928,0.8855807871376981,0.3571734661640271,0.900721899026626
500,103,0.9761321379064144,5.224714874729571,4.713107440776261,5.211358432087609,4.800882310756908,-0.29865913685004186,1.9627057599293256,True,True,True,True,0.3436919054477133,0.9353206755356047,0.33432805671661125,0.9293606032670441
500,104,0.9766894681499891,5.58736365368027,5.488950671994843,5.5794752734650865,5.588897256329388,-0.17638954393514128,2.2348735669095885,True,True,True,True,0.35555666590000695,0.9879676823360523,0.3316885960205488,0.8023104313503451
500,105,0.9954206240531438,5.229331417597315,4.082848157549108,5.22671032370904,4.0963492787843645,-0.058609441095929464,0.30189424854498936,True,True,True,True,0.33319392442395385,0.8992101885794672,0.3778853677483785,1.0011702901646573
500,106,0.992379112530266,5.095657005355405,5.04198091909634,5.091840780295842,5.075070118039648,-0.08533338650622108,0.7398969815824985,True,True,True,True,0.33282843859229744,0.8382966590080327,0.32649953111153635,0.8078407854461815
500,107,0.9383144058840373,6.024003003223616,6.004003003223616,6.033504235659049,6.408837163693974,0.21245401595655794,9.052367024257789,True,True,True,True,0.35546312505150557,0.9434758991423915,0.3397407393310792,0.9281230965734296
500,108,0.9985742458243542,5.853248107845251,5.833248107845251,5.853221255898347,5.840710914510501,-0.0006004277860405622,0.16687343006436547,True,True,True,True,0.3542998777066404,0.943122031516494,0.36083463609956656,0.8875893534433693
500,109,0.9705654499028703,6.0853605349143525,6.065360534914353,6.094885784346226,6.259120170570849,0.2129910523231014,4.332597166235179,True,True,True,True,0.3665609864890752,1.0196178820498383,0.3457260586986889,0.9721715377469001
500,110,0.9434963312402964,5.637584811762417,5.617584811762417,5.631531134743607,5.947591897222145,-0.13536433327886416,7.379182761445331,True,True,True,True,0.3509816080469526,0.9263820129746614,0.328212899874986,0.7953840936985728
500,111,0.9819057843878848,5.384380387013043,4.129659452575525,5.374311507596616,4.180710305094295,-0.22514698832379634,1.1415317654128672,True,True,True,True,0.34537764388421005,0.9872809582654388,0.3657573038213816,1.0451011191569022
500,112,0.9332552594706598,5.655241623119227,5.635241623119227,5.66029825167007,6.043682255666295,0.11306965176651425,9.133010191482565,True,True,True,True,0.352277439074463,0.9269462055928355,0.3506063657126594,1.1117521204638947
500,113,0.985629573735048,5.594985405715755,4.766759685070066,5.588856892484631,4.814787317655595,-0.13703772185799548,1.0739305125962708,True,True,True,True,0.3451772444254871,0.944813177591731,0.39756911944431045,1.0575340483071958
500,114,0.9880361830724123,5.522068288549407,4.960588158616986,5.5171479832669466,5.0037444732832475,-0.11002137081631895,0.9650045325213228,True,True,True,True,0.3536698542109372,1.0027206768412382,0.31610018805343004,0.7829113723675323
500,115,0.9964892385405826,5.269680662588834,4.857395177642354,5.268063065443551,4.8710254475645565,-0.03617057177062343,0.3047821009771633,True,True,True,True,0.334505389658275,0.8677069151661951,0.31981611934860976,0.7241581740404863
500,116,0.9774033769633467,5.862320809336417,5.842320809336417,5.867549514695526,5.982739217520438,0.11691740617284475,3.139851059917822,True,True,True,True,0.3626461875747865,1.0005935531476031,0.331484167806994,0.8726541734662139
500,117,0.9997933839799505,5.233287546709713,4.886237448788141,5.2331911059763065,4.887036616413496,-0.0021564803569644646,0.01786993135711191,True,True,True,True,0.3419370955096453,0.918119493941405,0.3639011185494456,0.9058483610056834
500,118,0.9641321821037446,5.598042205233877,4.6692769948815736,5.581247635048602,4.7876260061387965,-0.37553800587166075,2.646364342410384,True,True,True,True,0.3527349423369857,1.0042393859327954,0.37660207994832773,0.9174318826369252
500,119,0.9786381056308435,5.441332955309477,5.045313649342951,5.431961199453156,5.128244473988251,-0.20955883163266245,1.854389613370052,True,True,True,True,0.34796659162827914,0.9433161412704313,0.3213196069696812,0.6772682784362902
500,120,0.9926724309801,5.5717809719451425,5.551780971945143,5.5722208195541025,5.593205418299169,0.00983529153375276,0.9262787797789517,True,True,True,True,0.3473603742446106,0.9096693560908182,0.30981837715178584,0.7571223292592845
500,121,0.9770825394864066,5.383520663739904,5.363520663739904,5.37871998927796,5.484408709314074,-0.10734634434752992,2.7031388757093695,True,True,True,True,0.3438894840402896,0.8988442598865385,0.34475834127535243,0.7831197631723086
500,122,0.9726574376297632,5.436264163270394,4.548303330577959,5.422000588227046,4.636555748625942,-0.31894323399095065,1.9733840593401857,True,True,True,True,0.35313540134057164,1.0134676615628353,0.3063276467177968,0.798409753146823
500,123,0.9824476612334638,5.572696879462795,5.3849754704032,5.566171927016937,5.456864018326125,-0.14590237218891858,1.6074767995941208,True,True,True,True,0.3485480151970553,0.9263612666568125,0.3088498212776709,0.7940884920328056
500,124,0.9595643815763469,5.804991607198117,4.846489822109557,5.7887182747901225,4.981948557207369,-0.3638827748472592,3.0289493982484386,True,True,True,True,0.3514353322785985,0.9925501549963203,0.3730002133207679,0.980644676720923
500,125,0.9987244726510348,4.886363867135283,3.539547169402547,4.885418285546426,3.5428560242479663,-0.02114384710956119,0.07398824362037403,False,False,False,False,0.33031873171846354,0.9092836073338906,0.29177741638495075,0.8581020949449777
500,126,0.9878906933159799,5.679597258027084,5.398583408563676,5.675722201934905,5.446986063478791,-0.08664888838738369,1.0823162668166215,True,True,True,True,0.35214723261379816,0.9605803018668317,0.3518936837019262,0.7873770534516413
500,127,0.9446086285505323,5.94820819602166,5.928208196021661,5.958009976130256,6.286211872997516,0.21917446623325687,8.005205579128882,True,True,True,True,0.35781866646686145,0.9513726293082989,0.35115609556127647,0.8695853538934346
500,128,0.9999742149149544,5.611865896933985,5.356541931672848,5.611858148071683,5.356647694889804,-0.0001732698285564068,0.0023649374263240304,True,True,True,True,0.34358328380022146,0.9041949340061438,0.3327567610987103,0.7720927718822146
500,129,0.9694880019637389,5.948140231486672,5.5480007147441865,5.939415909859397,5.666617689943785,-0.1950817621615846,2.6523561983170936,True,True,True,True,0.3599782500176981,1.011538037932736,0.3589078889751077,0.9411125319597475
500,130,0.9981714297031402,5.7883372992943505,5.768337299294351,5.788593928843309,5.7791615319614085,0.00573841116505443,0.24203720047814564,True,True,True,True,0.3536690482538058,0.9505611227778626,0.35020570564308295,0.9707222841220211
500,131,0.9845018721013039,5.478602413322696,5.284686708792391,5.472880397399463,5.349368161174701,-0.12794816572685117,1.4463212441026199,True,True,True,True,0.3501544410462255,0.9566209815938286,0.345475789144797,0.9808784384790945
500,132,0.9914317307397926,5.683412986304617,5.663412986304618,5.683326684139549,5.712270959810469,-0.0019297750769869115,1.092497500019665,True,True,True,True,0.3415235696906717,0.8588593505136485,0.35350896109760893,0.7870347266750346
500,133,0.999881039583361,5.3842176963274815,5.364217696327482,5.384210146899116,5.364848351494215,-0.00016881035015666132,0.014101878231774367,True,True,True,True,0.3430051148450038,0.8803837644697061,0.36075314627671157,0.8286445455147782
500,134,0.9916517022433753,5.543650503895505,5.523650503895506,5.543401569739418,5.569900759756718,-0.005566336949334643,1.034187160824279,True,True,True,True,0.3493409790498641,0.9228152055697241,0.3599291323996822,0.8830243517259514
500,135,0.9512821515034807,6.104379344615679,5.587759106358673,6.090715298352873,5.772544519898347,-0.3055373629133502,4.131927459251217,True,True,True,True,0.3688434456440796,1.0747643777111533,0.3597808083783617,0.996509015581945
500,136,0.98554372533691,5.956710040508657,4.928646219167225,5.95201190852165,4.973313143918706,-0.10505342490214738,0.9987828009017952,True,True,True,True,0.3631845876163472,1.0688972119259714,0.3628814889882551,1.1290326520160103
500,137,0.9723788810005698,6.292380574474986,6.272380574474987,6.302718691744913,6.461183818883487,0.2311673297492145,4.2217688886991445,True,True,True,True,0.37001393823542483,1.0358485240646684,0.3473639140703055,0.92107502948752
500,138,0.97792295373064,5.778237127886561,5.758237127886561,5.779113308517766,5.889127856696226,0.01959199451943012,2.926805672429011,True,True,True,True,0.34485361898961603,0.8775158932621923,0.339096182386421,0.8487950273110502
500,139,0.9769696557822817,5.627557370681206,5.080077709985442,5.618457008981401,5.165513960732672,-0.20349027380600246,1.9104126441352285,True,True,True,True,0.34933471200461047,0.953453473218925,0.3680502807328785,0.98806008946219
500,140,0.8582176466811873,6.024437689328803,4.593018735528348,5.94239269813304,5.053324244549615,-1.834581775270969,10.292744085891956,True,True,True,True,0.36595951592572823,1.1060382430223725,0.35996830734610563,0.9567621308151608
500,141,0.954747035079077,6.088782578551439,6.053287064642632,6.079984566381864,6.257468325314727,-0.19672953278040575,4.5656317859441025,True,True,True,True,0.36466488401818314,1.015854085513513,0.3482601381333484,0.9280795090597577
500,142,0.9904405796966856,5.605512377266941,5.461708847539773,5.602567984069429,5.502380075777435,-0.06583863342125161,0.9094363106781973,True,True,True,True,0.34641337513535986,0.9180129495831847,0.37059265016786525,0.831299065068915
500,143,0.9694412639896772,5.278229135790408,4.438406673050751,5.260414372485553,4.54128874244196,-0.3983502175272332,2.3005130082459457,True,True,True,True,0.33774219039579956,0.9076375690097409,0.3525529482801518,0.8036519963295817
500,144,0.9359398014711183,5.79812193007671,4.860086788232747,5.768533013970383,5.0726785792055775,-0.6616282779428599,4.753696960736742,True,True,True,True,0.36762779736880746,1.108444181211329,0.35251022521566716,0.9626758639405243
500,145,0.9991829486361298,5.656053281790439,5.636053281790439,5.656189603641423,5.64079842568845,0.003048249256198143,0.1061046431897007,True,True,True,True,0.3389818692289718,0.8249859020581747,0.36101112115180134,0.954882215078881
500,146,0.9726930290695087,5.2203419030344875,4.097175191009611,5.203028758840622,4.177146672393867,-0.38713367321738895,1.7882166863655646,True,True,True,True,0.3499296443294084,1.0188796194952694,0.3396373613183286,1.026311002265856
500,147,0.9781072034286413,5.535508154822795,5.4156557355513435,5.528247589431266,5.512047604407048,-0.16235117770540664,2.155387712395999,True,True,True,True,0.34777173751241125,0.9377660055321312,0.3246523569195106,0.7554297373783587
500,148,0.9853301938229215,6.162515484080897,6.1425154840808975,6.169535506636852,6.241091103458071,0.15697247638697492,2.204217858515062,True,True,True,True,0.35891193951039035,0.9477802645978196,0.35889402276508414,0.9981999401342456
500,149,0.9880665195506788,5.126447406843984,4.312238648770389,5.119257781365545,4.351766520095144,-0.160764913025544,0.8838700728801708,True,True,True,True,0.3335538088348545,0.894637823519242,0.3250017935986538,0.9000524913975635
500,150,0.9978916520635117,6.37257666058617,6.352576660586171,6.373507781604185,6.366931488469663,0.020820498915597552,0.3209837095279845,True,True,True,True,0.36847656588092215,1.0122834442129356,0.3839748264552965,1.163386632791607
500,151,0.9920847631072782,5.952454962610751,5.839935668121133,5.951080604671556,5.874407786606828,-0.030731577774564013,0.7708200026244134,True,True,True,True,0.3530137488485358,0.9365276088360018,0.3553528403556327,0.8777032431664731
500,152,0.9343830249822809,5.52197080806358,5.5019708080635805,5.508554418106677,5.873987723836014,-0.2999995995628177,8.318551124469748,True,True,True,True,0.34792295577856347,0.9216246394615878,0.321212495966559,0.8649037765290369
500,153,0.9528762970930134,5.53836641969393,5.0497322973822065,5.516383019592139,5.232155412381937,-0.49156377004181234,4.079104858066592,True,True,True,True,0.3519188005073367,0.9732138143314039,0.3206790979130656,0.7678577663344491
500,154,0.9709656763905902,5.658416173776005,5.2072224448254145,5.647306002759274,5.317676217109504,-0.24843097635058364,2.4698214319850678,True,True,True,True,0.3579906319922179,1.015931558659639,0.36812149174895337,1.0130600628806798
500,155,0.9963883636073151,5.602339816932275,4.85232852017895,5.600821063683458,4.86402397829626,-0.03396035505403478,0.2615183937830858,True,True,True,True,0.35403470112961105,1.007014468414633,0.3338347442305306,0.8703469698207739
500,156,0.9976731729531012,5.4889631721897665,4.863326517075712,5.487982756222106,4.87145348060084,-0.021922767499151573,0.18172442892847493,True,True,True,True,0.3470224120642738,0.9542446753104208,0.3342876119013403,0.9480678661558143
500,157,0.9908052907743734,5.65202839989538,5.632028399895381,5.652436467582355,5.684705683374248,0.009124670874959395,1.1778998672877352,True,True,True,True,0.35142789756187104,0.93559041308696,0.33932771057882,0.9486880273080333
500,158,0.9941767990365451,6.2811771306738535,6.261177130673854,6.283756269159806,6.300445026709536,0.057671289779753866,0.8780568486917905,True,True,True,True,0.3664582544948547,1.0135239972362704,0.332348201529366,0.9025282049841592
500,159,0.9905041347398182,5.809604422742944,5.558557897986496,5.807419347611989,5.598645823712694,-0.04885976528758902,0.8963932700074064,True,True,True,True,0.34937288690717677,0.935810811126459,0.3174443919430787,0.8327658873470726
500,160,0.9789074160043985,5.472253210047589,4.841033533663384,5.463181229890644,4.921185711514717,-0.20285564321459207,1.7922571822023312,True,True,True,True,0.33286839949861763,0.8594311180172054,0.3595270919292948,0.8321132602846676
500,161,0.9723310602169742,5.426951310787851,5.406951310787852,5.423337096757694,5.557096052811424,-0.08081628256664386,3.3573384962887727,True,True,True,True,0.3435537445522413,0.8891931355200646,0.35126873380284046,0.9355856221179195
500,162,0.9723424822216796,5.925325888279257,5.905325888279258,5.931637083823646,6.079788954933146,0.1411226225654728,3.9011127660117038,True,True,True,True,0.36199984511350936,0.9876209482200504,0.34566865384237555,0.9776460389514614
500,163,0.9766316820071904,5.521315444851993,4.350041689556335,5.509228941780938,4.41805686580068,-0.27026242477139123,1.5208655758398488,True,True,True,True,0.34723458700878773,0.9816672153217467,0.34269540049216324,0.8465962063734312
500,164,0.9384876199184431,5.723238418231352,3.9490752441993218,5.689037019294829,4.099200165840893,-0.7647665294765511,3.3568952990738206,True,True,True,True,0.3649828131890517,1.1467130336090687,0.34228041237496704,1.0492850336026323
500,165,0.9880596445337619,5.623788899753807,5.48868176035973,5.619641385848164,5.537176544988126,-0.09274123030643514,1.08437634983305,True,True,True,True,0.35359248654504083,0.957211817551375,0.38708347488424116,0.8533548652126256
500,166,0.9560077201396571,5.50699994456496,4.887286320742484,5.485695978010812,5.053091691443013,-0.4763711740545766,3.707520799209361,True,True,True,True,0.34191303948364854,0.9147434886176077,0.36451019779904076,0.9006941690901472
500,167,0.9872137120229476,5.656523304553048,4.122892342931673,5.650471413560389,4.1550634318182365,-0.13532439652003245,0.7193674166054477,True,True,True,True,0.357312739131379,1.0773038820967198,0.3698332699630247,1.0937431109551454
500,168,0.9899864468110801,5.459150818345739,4.839459003706772,5.45480576338797,4.875689500841495,-0.09715838251543568,0.8101385445185083,True,True,True,True,0.34031636386702907,0.9092323452651795,0.34425642335226225,0.8502794221054174
500,169,0.9892724756334317,5.438952487758933,5.07248736947856,5.434816981841565,5.115984617942289,-0.09247272352587971,0.9726280439909644,True,True,True,True,0.33824826411872333,0.8816433186091707,0.34584079629202213,0.8809296294149221
500,170,0.9960898356431346,5.383699817177699,5.363699817177699,5.383403165790891,5.384457278723219,-0.0066333266652254565,0.46415095056119937,True,True,True,True,0.33616691299598167,0.8283068169268816,0.3485517213127306,0.895309040207405
500,171,0.9697145943549803,5.508340607930075,4.852310324778146,5.494032614751802,4.9612550402881235,-0.31993645368220763,2.436077896696857,True,True,True,True,0.3438495511916758,0.9271318359309825,0.33580488724124563,0.8592804597351594
500,172,0.9981937119173749,5.378385609071616,4.935458936186003,5.377597832987305,4.942222779857283,-0.017615208755687922,0.15124414238163378,True,True,True,True,0.34143774058770743,0.9118599284983658,0.3568216158629518,0.955996321287353
500,173,0.9919232221897184,5.024806632539967,4.334540159420385,5.019758009876741,4.362218707853342,-0.11289063467719933,0.6189111581461145,False,True,False,True,0.33288832154821485,0.8829732420049647,0.3285366240316725,0.8407384845919854
500,174,0.9851003231543635,6.10926179362333,6.08926179362333,6.115267209714397,6.187458339468314,0.13428518612797813,2.195741516650589,True,True,True,True,0.3646402697856076,0.9920458577058042,0.38282192825089906,1.1364113518025953
500,175,0.9796413784224285,5.210222464948615,4.2690914512903975,5.19806491622146,4.333946327101122,-0.2718510539368368,1.4501991098508744,True,True,True,True,0.33960941143672013,0.9420834912209,0.3537117005253039,0.962599805363973
500,176,0.9970507592712906,5.858095797971946,5.477718728636311,5.857366594718949,5.4891994658516525,-0.016305480431159432,0.2567170884531595,True,True,True,True,0.3542638007553484,0.9737852805319706,0.3374852128866905,0.8506406898523284
500,177,0.9986327501951348,5.479486784372858,5.459486784372858,5.479368329747628,5.46684286959431,-0.0026487259426247927,0.1644870660344785,True,True,True,True,0.3449731236368052,0.907191350504544,0.32692980430673174,0.8840848059127909
500,178,0.9709669523189245,5.832473510055242,5.812473510055242,5.836279093172226,5.99019264175925,0.08509542543601464,3.973920593923987,True,True,True,True,0.3560002843048764,0.9578295834571754,0.3258467290976054,0.8739609960146608
500,179,0.9708164003923709,6.01082567508178,5.990825675081781,6.017535942795547,6.1778271775915075,0.15004614755204454,4.181480715063464,True,True,True,True,0.3581664031267713,0.9592449448573169,0.3611755395888285,0.9540411808200151
500,180,0.9824925699258357,5.691711429379477,5.596757580153764,5.685885039680207,5.668229995366473,-0.13028203430970456,1.5981717893170662,True,True,True,True,0.3599084136819609,1.0027470644503325,0.33320815485679217,0.8919122839320139
500,181,0.9977460953771015,5.249187923642942,4.496456487951477,5.2480504013602065,4.504216888825091,-0.02543577150116701,0.1735278388605081,True,True,True,True,0.33568814891707516,0.8978945759856036,0.3230665994221388,0.8856943470486892
500,182,0.9971284969977643,5.985983300243775,5.6957724631195426,5.985424692810008,5.7072690280033385,-0.012490841946399964,0.2570710058790463,True,True,True,True,0.3581986468416768,0.9900770226700402,0.3397611688532569,0.895635016117004
500,183,0.983398581766877,5.365409286290686,5.037504862066244,5.357896907026823,5.102804102607247,-0.1679819070675787,1.4601354072879211,True,True,True,True,0.34662738165975365,0.9393918368490156,0.32390871842494157,0.8018261757094272
500,184,0.9929796295951875,5.570048990266502,5.550048990266502,5.569974606972731,5.589212952168329,-0.0016632610126146564,0.8757328108069693,True,True,True,True,0.34544940230239585,0.8929081982975081,0.33941980155046814,0.9146974813892449
500,185,0.9714366282108544,5.69187358964965,5.116296155348549,5.680439005083243,5.219221641102739,-0.2556850838495651,2.301483827635544,True,True,True,True,0.3565291837240146,1.0067931444665887,0.35003464517514743,0.9615958440249514
500,186,0.9852607084376038,5.9170551769234665,5.897055176923467,5.92005437486513,5.9883179389354275,0.0670641047553798,2.040697396731294,True,True,True,True,0.3532718420775614,0.9287934328672812,0.403108353806513,1.060260696002003
500,187,0.9808895883692226,5.521890316569975,5.501890316569975,5.52110998152449,5.608286647909432,-0.017448822069286662,2.3790942943161792,True,True,True,True,0.34724090204445873,0.9096176072911435,0.33067442670088626,0.7852362729088731
500,188,0.9805988631958359,5.66624189179467,4.710815143182571,5.658462433339345,4.77513091995308,-0.17395397934243242,1.4381444888455985,True,True,True,True,0.3463884130171154,0.9618290656463109,0.34916707613066983,0.8600900878371066
500,189,0.9969560144327386,5.684621674631067,5.088917681269961,5.683574593195127,5.0996529843616125,-0.023413452687409506,0.24004867471996894,True,True,True,True,0.35744467083450615,1.0250112853448057,0.35708039147939025,0.9788905866492724
500,190,0.9620689273819715,6.038724551938773,5.5122759909096555,6.028028865483737,5.653942665323147,-0.2391628197948435,3.167763141348963,True,True,True,True,0.3680315487658192,1.0718874227051525,0.40106337077327886,1.0068907097740671
500,191,0.9731459960184508,5.5293568016812715,5.509356801681272,5.5267975580174,5.658757864234167,-0.057226428034032946,3.3407093177897247,True,True,True,True,0.33890608009661477,0.840665401347031,0.3682843536768959,0.8710901104142083
500,192,0.9998422583138314,5.760673545788263,5.467021682577381,5.760629422649009,5.467634637236281,-0.0009866233875326347,0.013706082844250754,True,True,True,True,0.35638838481284557,0.9905445465290622,0.34491834216359984,0.7668493970146693
500,193,0.9801533432585129,5.534616901839014,4.891978984569175,5.526100651820066,4.963230805625364,-0.19042913955751506,1.5932391540229045,True,True,True,True,0.34776730566338854,0.9537118690347387,0.35026141164954955,1.0166850854311302
500,194,0.9864043819008503,5.710767429476165,5.058924630047254,5.705780881404786,5.107216479376061,-0.11150260460672165,1.0798385785839038,True,True,True,True,0.3474546093689134,0.9405931026497509,0.39638647938880045,1.0742704745746297
500,195,0.9716551705157223,5.389677923496505,5.252380434763908,5.376745904824938,5.373487514829948,-0.28916872835919627,2.7080366358417587,True,True,True,True,0.33887008299652316,0.8625952151397165,0.35100975190524425,0.8111569858091116
500,196,0.9562531308511351,5.804627649874148,5.784627649874149,5.797638199094228,6.010584702371717,-0.15628887069289976,5.052553293800512,True,True,True,True,0.3544967963693859,0.955837573902727,0.3518916583611877,0.9183721519501026
500,197,0.9677981658026571,5.672717063678603,5.652717063678604,5.674403665937952,5.842544309069229,0.03771357302907906,4.244666246749719,True,True,True,True,0.3442606689018164,0.8777440730668775,0.3740465148969379,0.8844805570552198
500,198,0.9970878577134803,5.272956281575629,4.857838970267129,5.271546364205505,4.868645534115418,-0.03152671082256169,0.2416421136796503,True,True,True,True,0.3448092146696078,0.9367578605133428,0.319832571646391,0.9050613727920056
500,199,0.9713952145196192,5.670160312183695,5.4452446471070655,5.660273981549504,5.563730604133148,-0.2210650734608963,2.649426542894384,True,True,True,True,0.35336055297608476,0.9566855727159511,0.3373736903421269,0.8290321857800937
2000,0,0.9926971473983948,5.80287753769318,5.6355770221779755,5.801022891571643,5.66570379358608,-0.08294229603927956,1.3473101762223791,True,True,True,True,0.17734862792946138,0.48399474729081243,0.17830564884931796,0.5240471415967987
2000,1,0.9941652611873371,5.7343813978388765,5.714381397838877,5.734777526919713,5.748317457898824,0.017715431052319534,1.5176667436511408,True,True,True,True,0.17651608446990458,0.4756416172018562,0.171220778447006,0.4147314923751592
2000,2,0.9985357593635642,5.670389616413621,5.198300425747069,5.66990519681155,5.203749516785508,-0.02166390319726402,0.2436907595506727,True,True,True,True,0.17461930094130615,0.47467843124157727,0.17864535149148475,0.4596803683451732
2000,3,0.9994706900573441,5.481416402647231,5.461416402647232,5.481367421492105,5.46425970848506,-0.0021905038495874996,0.12715650268412257,True,True,True,True,0.17044300154460615,0.4383972929121633,0.1818277640353985,0.4481691177681782
2000,4,0.9937238787427002,5.564998679298618,5.544998679298619,5.564787884569114,5.579807432608549,-0.009427026889413553,1.5566947722604831,True,True,True,True,0.17246333038834802,0.4493310394503921,0.178340727180294,0.4405951522593941
2000,5,0.9949495713256682,5.594502199355664,5.253277134212744,5.5927698972941675,5.273083365612335,-0.07747090334137617,0.8857615957515271,True,True,True,True,0.17320775868887262,0.4651430689203347,0.17526999169755783,0.424728067390739
2000,6,0.9966592888557569,5.790260954421239,5.770260954421239,5.790742452445704,5.790085455452855,0.021533246274709913,0.8865786385341634,True,True,True,True,0.17698842808961024,0.47476259004936305,0.1701502373410231,0.41706092675442047
2000,7,0.9952524610564094,5.49907195203142,5.035163187150466,5.497133626389587,5.052682105399589,-0.08668455795337232,0.783469841946047,True,True,True,True,0.17285541304781002,0.4663969986194046,0.17552660691128555,0.4421317561569251
2000,8,0.9980910495899945,5.9654381352305785,5.945438135230579,5.9658711420927535,5.957243223987688,0.019364655570941688,0.5279396188262874,True,True,True,True,0.1782664775592238,0.4791195178337467,0.17442401990701,0.4473795794399739
2000,9,0.9965697026415727,5.370080434112474,4.631357478582623,5.368409989050695,4.642858736716329,-0.0747045742163059,0.5143519002747973,True,False,True,False,0.17025440416400997,0.45947210101129227,0.1754245417265589,0.44212316503820026
2000,10,0.9989613906533811,5.644176739242794,5.624176739242794,5.644264613944001,5.630112100994607,0.003929876108035248,0.26543744696210103,True,True,True,True,0.17281372500590175,0.44839540100791764,0.1830704662029985,0.516115831572493
2000,11,0.9969268312305621,5.781989446446052,5.602203977073133,5.781192307083977,5.614720597392703,-0.03564915602281706,0.559760277662259,True,True,True,True,0.17717602097666368,0.48444117956538313,0.17274811787544553,0.4367961183733632
2000,12,0.9925542644161495,5.694643682852824,5.163497357523712,5.692066613035703,5.190678050014486,-0.11525006587693112,1.2155575216977568,True,True,True,True,0.17500482656590077,0.47887715270520226,0.1710289507676507,0.4404398473999419
2000,13,0.9986220833475967,5.831634676825936,5.3558834478943975,5.831247195112762,5.360979625200213,-0.01732870901390967,0.22790797762389725,True,True,True,True,0.17714303756620875,0.4897816270468709,0.17475197345155197,0.42598668823301883
2000,14,0.9939503308530001,5.734325711827274,5.714325711827274,5.734810009212928,5.749593145472898,0.021658437512956902,1.5772075804715506,True,True,True,True,0.17419277097416208,0.4565387731243742,0.17463754838222936,0.43831950620423876
2000,15,0.9985122973358372,5.712317157270062,5.692317157270063,5.712430758997952,5.700912020999751,0.005080423718449133,0.38437399113860415,True,True,True,True,0.17405457846679429,0.4568771013452674,0.17250298911991577,0.480585886892336
2000,16,0.9822173460261658,5.984724550624962,5.964724550624962,5.988934464271411,6.076999646178517,0.18827306185730264,5.0210949167606564,True,True,True,True,0.17881667660279854,0.4813107625126742,0.18960257373929176,0.46528599514610397
2000,17,0.9999240138845215,5.873776326001576,5.853776326001577,5.873788785004332,5.8542336254766365,0.0005571835418722616,0.020451054246173266,True,True,True,True,0.17823146987270394,0.4845299874676922,0.17680566020994554,0.47578883472286065
2000,18,0.9916576548481765,5.546256641959082,5.101889915558298,5.543082426859583,5.133609038604091,-0.1419552147537056,1.4185223063414638,True,True,True,True,0.1724692513611721,0.46332546515318707,0.17645869377626908,0.4588065064908537
2000,19,0.9961038668282733,5.969386614957465,5.764193671635149,5.968621738045794,5.780129473140479,-0.03420633537831118,0.7126707088372433,True,True,True,True,0.17870905353446898,0.48903651566609624,0.18680689980921394,0.48322869943735625
2000,20,0.9975079465903423,5.914654976807246,5.560851500833524,5.914077220877723,5.570518235660219,-0.025838030656351263,0.4323095238590835,True,True,True,True,0.1788722883983682,0.49893533968797465,0.18788572269462545,0.4896196631767832
2000,21,0.9997910307169458,5.473934900889491,5.453934900889491,5.473930942204437,5.455070884456172,-0.00017703777762455774,0.05080272952843201,True,True,True,True,0.1705159162920667,0.43267307870981325,0.18486981477982622,0.46455969620787385
2000,22,0.9982133881324884,5.664697622880338,5.382759066243902,5.664156804968638,5.389897830735124,-0.02418611228021944,0.31925525355467066,True,True,True,True,0.17392492743992938,0.46555585920958414,0.18087534958985943,0.4536455656099767
2000,23,0.9994982405195342,5.542862917681298,5.09256821674425,5.542676309017891,5.094451394316249,-0.008345393131330146,0.0842182612938636,True,True,True,True,0.17196065437804292,0.4602688425199053,0.17683652200829433,0.4260499776823265
2000,24,0.9906322098067762,5.840734341507525,5.682253392435625,5.838654540205509,5.722274157936103,-0.09301154182000763,1.7897830434129567,True,True,True,True,0.1755891915641179,0.469520348750723,0.18414605630219968,0.4606590426095234
2000,25,0.9799608122111585,5.760740063095124,5.508005911611989,5.754857595667667,5.590442874282179,-0.26307194086445895,3.686693047783117,True,True,True,True,0.17642520780288554,0.4807113282527349,0.1809596654103135,0.4584611528479829
2000,26,0.9794985446761685,5.827599067809794,5.575153449524409,5.8219845298603135,5.659214072991513,-0.2510897703458345,3.7593053660691607,True,True,True,True,0.17768846391469684,0.4884266834184258,0.1808097270481193,0.44998766395564704
2000,27,0.9943445378822314,5.5272441124170175,5.270384621201957,5.525218059092665,5.293197339137235,-0.09060785918584557,1.020215761096183,True,True,True,True,0.17209639027660079,0.4558746545865238,0.18440969363591686,0.45466701670799764
2000,28,0.9958055252090787,5.846868059737185,5.506266907825205,5.845795254441185,5.522613071498347,-0.04797731136952891,0.7310226628896291,True,True,True,True,0.17799724024421065,0.49246245194980254,0.17791040228172242,0.49224436259182197
2000,29,0.998727018201493,5.516438489371789,5.49643848937179,5.51633271137051,5.503338360935007,-0.004730536027677079,0.3085716370274154,True,True,True,True,0.16990849362728813,0.43193501077372204,0.1730847271477749,0.3961889853002321
2000,30,0.999945166015755,5.4444075216425185,4.843811526968392,5.444384276050234,4.844007629854124,-0.0010395744905228198,0.008769987661603435,True,True,True,True,0.17006650055611153,0.4520037123961382,0.16653334830758174,0.4194995302768613
2000,31,0.9958277109705449,5.5717210656543665,5.38009985922196,5.570323320775864,5.397240613596644,-0.06250905127068664,0.7665578393484059,True,True,True,True,0.17207522829025748,0.451441305938869,0.1820938729331489,0.43260031640219204
2000,32,0.9970955857731217,5.713089152851068,5.693089152851068,5.713356531028342,5.709940563635996,0.011957515601711054,0.753618000637433,True,True,True,True,0.1745767835510464,0.45832897610965895,0.1684770351221045,0.42532475381418433
2000,33,0.9961504841935066,5.529079824231119,5.265702200601282,5.527699025228258,5.2812196041929775,-0.06175120867323882,0.6939593853065962,True,True,True,True,0.1706168137309434,0.4435144184586735,0.1850680020184092,0.4801871812293154
2000,34,0.9973354205792995,5.714460164379412,5.694460164379413,5.7148394356461,5.7100543289019745,0.016961526684532293,0.6973922384952794,True,True,True,True,0.17249360903260436,0.4416626444647223,0.1761498505508347,0.4903162195796517
2000,35,0.996714126761695,5.545920274759339,4.876926598313749,5.544546736439266,4.888092680184178,-0.06142650106764351,0.49936236209213997,True,True,True,True,0.17472237565482082,0.4858309844952358,0.17427394203870258,0.45148453505004416
2000,36,0.9971013903000003,5.81798695117464,5.79798695117464,5.8185012587846305,5.815357711054863,0.02300053554569383,0.7768439982600682,True,True,True,True,0.17749618205232912,0.47510796917925635,0.17538063648159408,0.4281630647629247
2000,37,0.9829455742267454,5.736503888635199,5.538319949905313,5.731718151544085,5.61078698958192,-0.21402466916347834,3.2408245369013304,True,True,True,True,0.17370080940030896,0.4588620876863945,0.18864615966956194,0.45545141684099144
2000,38,0.9999412886335084,5.588416879084773,5.568416879084773,5.588421555360978,5.568748504195308,0.00020912942953558227,0.014830725804041586,True,True,True,True,0.17145144542173058,0.43364411562753735,0.17106845791523675,0.4241686632313309
2000,39,0.9958760596752798,5.637979338544936,5.617979338544936,5.637993296614662,5.64125750592548,0.0006242238548718854,1.0410312930902723,True,True,True,True,0.173350710963274,0.45372549461758716,0.1632625562993895,0.4434068485034345
2000,40,0.9995456091947604,6.007117988071381,5.986235258491432,6.007054111060064,5.988221157206899,-0.0028566667900789405,0.088812090484307,True,True,True,True,0.17877762402105718,0.4843534191769058,0.18541453156614424,0.45286374112718797
2000,41,0.9898997233064064,5.785653876500452,5.6988906564825905,5.783141349070862,5.742108973705349,-0.11236364255792437,1.9327819036647678,True,True,True,True,0.17622028936314846,0.4728206857208081,0.17840540454276355,0.45517147959254983
2000,42,0.991012522054162,5.674701055431434,5.3174999241241006,5.671796836819314,5.352444759181913,-0.12988060476442725,1.5627805330357327,True,True,True,True,0.1764675592611537,0.48704649937338745,0.1788042622609031,0.4721707390483817
2000,43,0.9946171991833002,5.563932596033092,4.887632502120989,5.56170975558252,4.9059063599085055,-0.09940844701230384,0.8172317644810086,True,True,True,True,0.1762696866743771,0.49812191065281264,0.17309730064084258,0.5058489885624051
2000,44,0.9829281198354712,5.254000331888407,4.802744111073743,5.245233066925581,4.86731798396421,-0.3920840086726064,2.8878313870702916,False,True,False,True,0.17110605736673942,0.46165189064916917,0.16867881197268705,0.45489109065606376
2000,45,0.961979314158148,5.683972256953039,5.4356574797115345,5.670402837062464,5.595023005938146,-0.6068429058112754,7.127042998254592,True,True,True,True,0.17577769316736336,0.4764576837390367,0.17725881895135082,0.4464671884740897
2000,46,0.9989707778706972,5.795082284112164,5.636629320781688,5.794816423762985,5.640807858573096,-0.011889636265730084,0.18686989096277665,True,True,True,True,0.1770092404346683,0.48156078741537034,0.18426509781166345,0.4583777171866712
2000,47,0.999942705106339,5.642972463725372,5.622972463725373,5.642973075522585,5.623295261626625,2.7360403129361733e-05,0.014435961003889771,True,True,True,True,0.17207487652171288,0.44553935706830333,0.1768545049936561,0.4312118907776503
2000,48,0.9929995447544254,5.907503258545021,5.6216147698637,5.9058691624575275,5.6494646481694275,-0.07307899866804503,1.245484421134067,True,True,True,True,0.1788241356953524,0.4957039564486996,0.17986178344447376,0.4551571920895215
2000,49,0.9958553781285526,5.912223836920226,5.892223836920226,5.91297032434843,5.917496108142442,0.033383932676299556,1.1302103279737525,True,True,True,True,0.17884399459595474,0.48597039876937215,0.18810836473011114,0.47738880205722295
2000,50,0.9869056635616873,5.714663230185027,5.2825733752177255,5.710269382527543,5.331932647887727,-0.19649884089825204,2.2074137802014038,True,True,True,True,0.17743273897921627,0.49531148864086016,0.17406779643212092,0.4449416296983085
2000,51,0.9867016954967666,5.933245877525379,4.9940750452670075,5.928877588571323,5.035959954527191,-0.19535582093260098,1.8731500867436004,True,True,True,True,0.1811646512568607,0.5310017062660112,0.17655844711134075,0.5143687442254509
2000,52,0.9996417968519103,5.715138138678755,5.437000200461119,5.715037776287107,5.438429372725844,-0.0044883426021882535,0.0639145267096509,True,True,True,True,0.17537020116865315,0.47659670016185957,0.17819801188584775,0.4612788189087698
2000,53,0.9860013738290409,5.73792241956866,5.030949634007787,5.732717584874646,5.078496522850041,-0.23276728374930755,2.1263615113981094,True,True,True,True,0.17834375152606655,0.5089928800768845,0.18175426447913484,0.5265339918251509
2000,54,0.9979987231711926,5.929577175396267,5.8465861744732495,5.929203335391535,5.855028719656976,-0.01671863326579965,0.3775620986785058,True,True,True,True,0.17967503322979697,0.49757437778593133,0.18294824501955995,0.4486392698851309
2000,55,0.9992241727756358,5.482352375117932,5.223558923823393,5.482080383747141,5.22672757878561,-0.012163823887657039,0.14170655785520314,True,True,True,True,0.170362270707383,0.4462228250858841,0.16790463574978243,0.39159493001014656
2000,56,0.998761358829734,5.392581944987763,5.115845273157703,5.392094927006026,5.120860751687852,-0.021780106268598644,0.22429901866208024,True,True,True,True,0.1686651194640595,0.43551406088637384,0.17751078053192704,0.41280334700352767
2000,57,0.9997479277340756,6.097652187703901,6.077652187703902,6.097723314429058,6.079255726195094,0.0031808838493485197,0.07171242141686972,False,True,False,True,0.1796965222902531,0.4866797657689893,0.1845661272869507,0.46322005732914023
2000,58,0.9958487068289056,5.543066683064697,5.523066683064697,5.542692641960836,5.5457145288131375,-0.01672762669222873,1.0128424527488402,True,True,True,True,0.17030114406344918,0.4348061737808775,0.18061993766983847,0.43878502138431175
2000,59,0.9933513719208862,5.977742712171058,5.74835353956042,5.97641868335966,5.775377527149818,-0.05921236852908518,1.2085494654600748,True,True,True,True,0.1797027571303726,0.49915041570235413,0.1798103007629104,0.47213602310787833
2000,60,0.9910126013802198,5.443188712388695,5.423188712388695,5.442022449739742,5.4711942534214915,-0.052156851253549116,2.1468730609197553,True,True,True,True,0.16980188416454775,0.43661112835867016,0.16088554688918194,0.4043990912503091
2000,61,0.993649995258142,5.333689722698478,4.893457770533927,5.330697620301849,4.91696326990883,-0.13381088709004235,1.0511978889472526,False,True,False,True,0.17223437782955814,0.4671528402106385,0.16934538754074677,0.4412223553359914
2000,62,0.9978032719302722,5.725749393249317,5.7057493932493175,5.725948168744022,5.718510180574715,0.008889510368432338,0.5706797581201474,True,True,True,True,0.17467907387454013,0.4563657296928153,0.19686479227326667,0.442697080344663
2000,63,0.985398412659064,5.825751920322603,5.432727214432188,5.821363227207891,5.488141286823864,-0.1962683227376618,2.4781926555576206,True,True,True,True,0.1795641464275849,0.5058884873212625,0.17501565562883814,0.4749281783178252
2000,64,0.9919997618227255,5.465363180481499,4.863369482603496,5.461906922832197,4.892163875356371,-0.15456854103184894,1.2877243913251204,True,True,True,True,0.17072624606874395,0.45673930483214725,0.17729243272768838,0.4394102709497529
2000,65,0.9850582298018219,5.590541928977034,5.470944492066472,5.585575093060245,5.534089056341018,-0.22212365486054061,2.823910762549774,True,True,True,True,0.175244160156935,0.4734727486112856,0.15926012983288865,0.4100230921853033
2000,66,0.9910311534840471,5.8620117853008,5.690738019817439,5.859797097120094,5.727272064102965,-0.09904386642050507,1.6338521303084765,True,True,True,True,0.17919062375705921,0.49605494794094634,0.1747853858155809,0.47826971132230234
2000,67,0.9882779837626898,5.958017730061639,5.866297542999441,5.955691702796698,5.916158563421657,-0.10402310163850091,2.2298526218315984,True,True,True,True,0.1792166293231227,0.49056161292870215,0.1801983586616602,0.4619956723977825
2000,68,0.9927652211028448,5.730602725686102,5.4389825616013,5.728483906345227,5.467700806116455,-0.09475648156473562,1.284318938606953,True,True,True,True,0.1766490185596916,0.48505510294199855,0.16911329192831806,0.4146180012041291
2000,69,0.9870226692852767,5.938325936379076,5.918325936379077,5.941697574889646,5.999555794577311,0.15078425810378282,3.632709694678388,True,True,True,True,0.17763250836963101,0.4726397347094469,0.17142165499338252,0.4694656471333225
2000,70,0.9970888701243554,6.027164043104646,6.0071640431046465,6.027899675502618,6.025440515400922,0.032898480966327796,0.8173486888672586,True,True,True,True,0.17737333115125326,0.468754333403938,0.1743192130494897,0.40343023097106306
2000,71,0.9977910024269413,5.557586109827659,5.450065946884772,5.55689433114438,5.459446720498863,-0.030937283223921405,0.419520949652885,True,True,True,True,0.172316583228005,0.4529911171793966,0.1908023689557716,0.45209346487296664
2000,72,0.9783596339343041,5.781182881676948,5.553476756434982,5.774908914789461,5.643152364421194,-0.2805803289800614,4.010415107615871,True,True,True,True,0.17643516828040728,0.47840919952910127,0.1757665739187307,0.4725564504942621
2000,73,0.9929516983853202,5.353193578452529,4.892008040362828,5.35004476243818,4.918648225670436,-0.1408193331344823,1.1913853056200492,False,True,False,True,0.1707560186620019,0.458382084853371,0.1622304166815133,0.41579141021662747
2000,74,0.9998505196505916,5.834301215041538,5.8058426678190695,5.834272713393076,5.806503223716783,-0.00127463246866739,0.02954095780451665,True,True,True,True,0.1745555579342113,0.45824110380415206,0.1824637525766915,0.46108457728234653
2000,75,0.974198764507901,5.817285211507309,5.797285211507309,5.820540814887664,5.95416564484939,0.14559500932506841,7.015906265850334,True,True,True,True,0.17891643595362525,0.4872799593650252,0.1762350988360231,0.48587842334518794
2000,76,0.999334779291104,5.769481792313215,5.749481792313215,5.769539612687306,5.753366871476088,0.002585805739052275,0.17374602212304288,True,True,True,True,0.17697900144641635,0.47620705580423917,0.18711231358894892,0.45634254166735183
2000,77,0.9922424335566244,5.730657343981268,5.710657343981269,5.731288917138074,5.755941011982681,0.028244810227639954,2.0251471984337823,True,True,True,True,0.1758768217514664,0.4671640416192641,0.17800905108998785,0.49919172421845603
2000,78,0.9875614641175606,5.790243463585194,5.563087419843379,5.786598412967045,5.612444028743804,-0.16301161927215171,2.207294652804416,True,True,True,True,0.179278563849976,0.49975839410800194,0.18298978986765968,0.4966586366282799
2000,79,0.9998030693722844,5.748993070001221,5.728993070001222,5.749007111685459,5.730135550876389,0.0006279632094761306,0.05109329799733708,True,True,True,True,0.1742828001057886,0.45861033501788867,0.1790347534460776,0.43450228324995427
2000,80,0.9972100966147197,5.7546091798276615,5.734609179827662,5.754988656495084,5.751033484281742,0.016970712484638096,0.7345172248495263,True,True,True,True,0.17511434270362408,0.46103904282000835,0.16714479481637343,0.43913385913030134
2000,81,0.9943945648950547,5.53361736189666,5.51361736189666,5.533171592358906,5.544249523267204,-0.019935419774311874,1.3699119024456015,True,True,True,True,0.17132563431087786,0.4440595930363591,0.1725258268785692,0.4016408671230922
2000,82,0.9963144598555432,5.624432425213709,5.259398659895621,5.623137918490267,5.27324862008039,-0.05789210061895658,0.6193890491762017,True,True,True,True,0.1775064437807903,0.4956464660690289,0.175133278549882,0.4618372984493846
2000,83,0.9984083601188792,5.679802564407367,5.620223827204124,5.679364095461318,5.62697756735858,-0.01960892738776692,0.30203644175465905,True,True,True,True,0.1747337787776175,0.463255550079489,0.1615494216795897,0.4507838691435121
2000,84,0.9991516670309665,5.845905688669747,5.825905688669748,5.8460245569347995,5.830971162013019,0.005315950420490932,0.226534854675357,True,True,True,True,0.17842669887969134,0.48733143563868514,0.17109151867213607,0.4906191191852572
2000,85,0.9890189512834093,5.66731525046949,5.1126504647253945,5.663321248590047,5.1526551738873145,-0.17861719409392385,1.7890649821232356,True,True,True,True,0.17442930005770024,0.47604109265783395,0.17872382659186564,0.45649028438918965
2000,86,0.9860589434038235,5.631787832917206,4.868446748296037,5.626068424043545,4.915182291727505,-0.25577974065243814,2.0900770415631156,True,True,True,True,0.17649634184948765,0.49939390630829994,0.1739160053179656,0.4706823697541122
2000,87,0.9982222467511558,5.877868775853002,5.746988992285527,5.877520704642552,5.754551766563612,-0.0155662177515266,0.33821754768571133,True,True,True,True,0.17658090644911179,0.4755177318785929,0.16864061717510195,0.43036084268038954
2000,88,0.9957147694106199,5.73625226256536,5.7162522625653605,5.736505144683746,5.741107112499136,0.011309232140106385,1.111542680449554,True,True,True,True,0.17485483671955163,0.4630658556009005,0.1673525187826527,0.39809502617042075
2000,89,0.991909659706984,5.739664202164884,5.719664202164885,5.740298316460277,5.766954944415087,0.028358453400040555,2.114906287557462,True,True,True,True,0.17663269287143615,0.47479509367805767,0.18605206521136272,0.4697864624842848
2000,90,0.9982727579499757,5.742302563850983,5.722302563850984,5.742425734016232,5.732326849996029,0.005508337245907517,0.44829970492459986,True,True,True,True,0.17568376750682652,0.4694028058647486,0.18015122066841605,0.4484231870054001
2000,91,0.9951848268510269,5.653675057532145,5.330200297172918,5.652098724356072,5.348945556862317,-0.0704957627377662,0.8383134984276501,True,True,True,True,0.17529298129304388,0.4764674305681862,0.17244892396147668,0.45142374204178876
2000,92,0.9975951609633744,5.2587170781233485,4.5407795139777605,5.257452361071848,4.548840986508536,-0.056559865989176686,0.36052001155124525,False,False,False,False,0.17005616451584496,0.4613439881474544,0.17213250438014632,0.46319163671053
2000,93,0.9978198565415576,5.6228927394502435,5.602892739450244,5.622921107698544,5.615162968512435,0.0012686666320573126,0.5487413256510711,True,True,True,True,0.1740688027756836,0.45986957796883754,0.17336227647379085,0.47009429398649183
2000,94,0.9994401337968157,5.720990216455908,5.700990216455908,5.721069301358767,5.704262925384768,0.0035367843757494765,0.1463599927100099,True,True,True,True,0.17315220251780422,0.44369149380915357,0.17285124698909793,0.43450528972394836
2000,95,0.9998574443516578,5.425232792340674,5.405232792340675,5.4252193196379785,5.40598997404366,-0.0006025175813643193,0.03386219518388021,True,True,True,True,0.17085206030609887,0.43974015782183307,0.16996957825347359,0.4286562027636042
2000,96,0.9954137279813228,5.601911225753021,4.718208549824007,5.599979924722071,4.73266840246094,-0.08637040780440566,0.6466642688161983,True,True,True,True,0.17691269241814986,0.5081441214668634,0.17889602570949326,0.48303309545557643
2000,97,0.9959316093347658,5.799218581001953,5.760451018633661,5.798307822707226,5.778033939865646,-0.040730349161616226,0.7863321423548917,True,True,True,True,0.1766007328596621,0.47468404120582164,0.18973164184384972,0.4962432166322224
2000,98,0.9986754987333463,5.802132568793751,5.7821325687937515,5.802459940651855,5.790128973811758,0.01464051457281163,0.35761010391764303,True,True,True,True,0.17515332952674512,0.4525284668952632,0.18750788045804925,0.517434135117805
2000,99,0.9918805169998326,5.854404507523849,5.83440450752385,5.85555628295693,5.88332584715737,0.05150896326364684,2.187828819418126,True,True,True,True,0.17563143048012514,0.4650627703765233,0.1798652913174158,0.4796651215960922
2000,100,0.9958563996689624,6.001442441335102,5.91600720024186,6.000741433259792,5.933592376686342,-0.03135003418337092,0.7864329985237807,True,True,True,True,0.17937751921570882,0.4904826588096952,0.18208789583009138,0.48083807476030904
2000,101,0.9861494351838905,6.010432142419079,5.990432142419079,6.013566311800532,6.077746534107067,0.14016431579855004,3.904818304567673,True,True,True,True,0.18136827414111212,0.5058606621862968,0.1642925065261819,0.4276329175649322
2000,102,0.9954505393207849,5.680519841806976,5.524536858879303,5.679207500993877,5.5433968765103865,-0.058689665354696975,0.8434456295989389,True,True,True,True,0.17493399823534164,0.46881554020587063,0.17684704498915851,0.41881063117849676
2000,103,0.9641639623135244,5.768962489819451,5.473928307278803,5.7569956104913045,5.619763608998962,-0.5351751131254491,6.521952963309352,True,True,True,True,0.17843902504614043,0.49576039325972804,0.17473491965950375,0.45351858198159994
2000,104,0.9943066418207256,5.670331379120809,5.574045298456945,5.668891863317392,5.599162951881867,-0.06437710382252522,1.1232956098681204,True,True,True,True,0.1717839157569891,0.44642116546257316,0.17471868887355382,0.4077552635823383
2000,105,0.9995210040061948,5.7069129965404395,5.620268421916032,5.706783567949522,5.622272473520042,-0.005788222550479364,0.08962391233965039,True,True,True,True,0.17557147256680136,0.47075870146188376,0.1670014498221831,0.45012981606187424
2000,106,0.995514682332975,5.546702579351139,4.787258863294652,5.544829875747675,4.802277140309287,-0.08374985118108773,0.6716377661929187,True,True,True,True,0.17453131573975517,0.4891232537193783,0.17806463137766573,0.5305967288771258
2000,107,0.985520927220882,5.7361893457238295,5.343327030498417,5.731414171028585,5.398216704091,-0.21355230446006937,2.454740828315844,True,True,True,True,0.17889796864220753,0.5044339000167861,0.17880431977641612,0.4833341990989739
2000,108,0.9959427775797901,5.816116258675671,5.497692102406842,5.815056614466715,5.513666303843374,-0.04738872966379666,0.7143880059672193,True,True,True,True,0.1771257169558967,0.48702324503804845,0.18902969819484972,0.519126957836044
2000,109,0.9992397432940785,5.751897676888304,5.7318976768883045,5.751960081918848,5.736321158546954,0.002790837808686666,0.1978241137192551,True,True,True,True,0.17609931980244886,0.4720909603960975,0.1770536252626767,0.4476989101032321
2000,110,0.9908080153340693,5.545558200878189,5.52555820087819,5.5451701979359616,5.5764286445271125,-0.017352019085827914,2.2749954008912714,True,True,True,True,0.1722815465838013,0.4468638913924131,0.16938189194458186,0.40515810983950623
2000,111,0.9939672806432687,5.6053067146951125,5.585306714695113,5.605516121443681,5.619416484040487,0.009364954494907955,1.5254352590618963,True,True,True,True,0.171749426805129,0.44077260078504277,0.16866761494167912,0.4517975118214556
2000,112,0.9911583273749813,5.558757559349085,5.538757559349086,5.558364678232737,5.587769910485177,-0.01757017766462491,2.191898977547777,True,True,True,True,0.17149198679683197,0.442825739621131,0.1789369806181621,0.43709550912008854
2000,113,0.9985627422440465,5.8594946888705195,5.83949468887052,5.859746316930434,5.848151618201687,0.011253148940315132,0.38714964921801986,True,True,True,True,0.17541161143541825,0.46021583821661183,0.16772773415350345,0.4326566734929021
2000,114,0.9995217879910645,5.438225840383471,5.418225840383472,5.4382276354412085,5.420819936633184,8.027742247472392e-05,0.11601151109068426,True,True,True,True,0.17135294903743764,0.4384742006774354,0.16634020460919077,0.42242925569910145
2000,115,0.9980784929962844,5.769594033232336,5.749594033232336,5.769832662196811,5.760902276268383,0.010671811719355296,0.5057200026937912,True,True,True,True,0.1735297529605027,0.44677127407563993,0.17821116197245032,0.41607747271347506
2000,116,0.9947252558342492,5.498902614946916,5.478902614946916,5.499089888279988,5.50814393838309,0.008375118062444096,1.3077117391068422,True,True,True,True,0.17085240015739103,0.4329495177641004,0.16233284978289228,0.40243428525266667
2000,117,0.9975613672854254,5.877209865958499,5.8572098659585,5.877671654351682,5.87199128439751,0.02065180476752219,0.6610451286699355,True,True,True,True,0.17632774434986567,0.4640707509533214,0.18574170572209608,0.4359731308662592
2000,118,0.9985822246015973,5.513863817017757,4.622162871058156,5.5132350046972896,4.626666507453607,-0.028121341873100107,0.20140874252343777,True,True,True,True,0.17287957395480522,0.47999409372413254,0.19531419523340915,0.4936415111077614
2000,119,0.9878303086713489,5.800024920467298,5.5502194322663545,5.796764505570817,5.599806008133533,-0.14581018686767874,2.217579088209235,True,True,True,True,0.1768437332732961,0.483412909252485,0.1711952775961508,0.4280759513253528
2000,120,0.9851631948241012,6.014018153638915,5.595542911845429,6.010509148815986,5.651683977819681,-0.156927466348874,2.5107047969545215,True,True,True,True,0.1826737015843005,0.5261423168350661,0.17414437603445262,0.48091720701690005
2000,121,0.9964414186447939,5.520147557008626,5.248388255065494,5.518886173267265,5.262734198851234,-0.05641079582791821,0.641570110126099,True,True,True,True,0.17136727017686845,0.4527503155472636,0.17973096727676002,0.4324346934116158
2000,122,0.9976039527343791,5.899143232328264,5.879143232328264,5.899530489499839,5.893651958158707,0.017318667208342606,0.6488499444755549,True,True,True,True,0.1762725526604471,0.4691337430926923,0.18236949754486192,0.44505687383372455
2000,123,0.9859686033706343,5.826021371469084,5.806021371469084,5.828057771272603,5.890712697561733,0.09107056780073862,3.7875112449553043,True,True,True,True,0.17474343606374082,0.4558032392996991,0.169778878746334,0.4499773384486031
2000,124,0.9961416386260002,5.689644360138255,5.448912480477278,5.688533913702021,5.464636349182155,-0.04966067433580898,0.7031927858677046,True,True,True,True,0.17424539858291263,0.46703073884010693,0.17136395245186983,0.4336353901928887
2000,125,0.9978575204999339,5.8882471387669835,5.678567300633426,5.887773223286529,5.687279153092062,-0.02119414459771474,0.3896058861491771,True,True,True,True,0.17787553880969564,0.4853374775591936,0.17641750008168816,0.4878766113098113
2000,126,0.9818252567097338,5.595623983235698,5.416849947762551,5.589628930570646,5.494129033269076,-0.26810690575496404,3.4560257686321867,True,True,True,True,0.17339593518028953,0.4611052351440264,0.17688925951508214,0.4677946035978076
2000,127,0.9961317491466339,5.7962313377309975,5.776231337730998,5.796836408484211,5.799269437434467,0.027059586707636744,1.0302951401874954,True,True,True,True,0.17587909509270633,0.464255379076435,0.17545305137759998,0.46071918077424806
2000,128,0.9969752525155137,5.8700965758235455,5.435258878226315,5.869301481218594,5.446658724850513,-0.03555771170429922,0.5098166396955753,True,True,True,True,0.17769887292213465,0.4915012830849347,0.18516166396761874,0.5063954975483508
2000,129,0.9942646397618993,5.772064410309195,5.3406994061384,5.77038422213936,5.362599531234436,-0.0751402992548283,0.9794033686097223,True,True,True,True,0.175669895566054,0.47937885434805116,0.17665789461651113,0.4706746818968557
2000,130,0.9922059392862131,5.673826078232527,5.3090194205523105,5.671291812707025,5.339287129106746,-0.11333579976112702,1.3536130770174084,True,True,True,True,0.17507692314187057,0.4771093185491891,0.1789039235028977,0.49353070622748896
2000,131,0.9914761054209918,5.892740334766212,5.872740334766212,5.894080515279783,5.924581019313202,0.059934694609311126,2.318385892943815,True,True,True,True,0.17726364424996624,0.4761192024189502,0.18063889960181528,0.4718386121881354
2000,132,0.9973082216138196,5.5738854101027195,5.249592189005296,5.572929296086068,5.25999714682078,-0.04275871870946832,0.465323859568804,True,True,True,True,0.17446120134538431,0.47427954391318994,0.17072111102864165,0.46654708264068695
2000,133,0.9920487783801478,5.261227090055867,5.010817257161002,5.257604500194098,5.043199537035379,-0.1620071437103112,1.4481795813106129,False,True,False,True,0.16913104614864094,0.44255478929990993,0.17251235571138457,0.41414523539789383
2000,134,0.9950395888249725,5.597946499900031,5.577946499900031,5.597911004112628,5.6057176686804,-0.001587419870946139,1.2419644241504906,True,True,True,True,0.171724825633653,0.44087202309153595,0.1789586038301158,0.4430165862399676
2000,135,0.9939649943918994,5.714619475579269,5.69461947557927,5.715253600702722,5.729833176053687,0.028358937645615163,1.5748045600022933,True,True,True,True,0.1738738949537165,0.4520041065946699,0.16732475660915486,0.4221448076037705
2000,136,0.9981292014944494,5.870978170987943,5.850978170987943,5.871292653598594,5.862259760397496,0.014064089903161148,0.5045280162800264,True,True,True,True,0.1780615642751922,0.48099516860481245,0.17358717104000662,0.4480596998876584
2000,137,0.9985659850799189,5.409034629601548,4.636958389930174,5.40836568699735,4.641716395387637,-0.02991602272062583,0.2127844728040336,True,True,True,True,0.1716049390658299,0.47148096168044074,0.1727833916807809,0.4994012101280264
2000,138,0.991235180151104,5.6753348295996116,5.374712580147259,5.67265088563435,5.410104157988219,-0.12002962308251107,1.5827594776672622,True,True,True,True,0.17374374639775167,0.46477348603648544,0.1858258567102455,0.4772319478041079
2000,139,0.9987296809237844,5.733106149753951,5.462874537175716,5.732752018865323,5.467927170079619,-0.01583721479807797,0.22596061276961066,True,True,True,True,0.17626234805284202,0.4815896623844188,0.17470441226940628,0.4649818165208826
2000,140,0.9985842024386885,5.648486049607115,5.305768072246545,5.648025745655754,5.311268263069406,-0.020585418511113292,0.24597601138275976,True,True,True,True,0.17344791993540054,0.46323815833276205,0.17860565439765763,0.4578483708010335
2000,141,0.9796474345360247,5.705851978824462,5.685851978824463,5.7063117766805105,5.804447167642134,0.020562785240644525,5.303738080014698,True,True,True,True,0.17749834067928716,0.48385265720423726,0.17523507865572419,0.461189938140641
2000,142,0.9958576246769935,5.882180761023526,5.862180761023526,5.8821090264100935,5.883785659948755,-0.003208069439493067,0.9662004528764585,True,True,True,True,0.17845453520320162,0.4839935077556565,0.1879770570787616,0.4778150994586749
2000,143,0.9993509047735513,5.788598790743403,5.507626611351055,5.7884231828650865,5.510166416534349,-0.007853423065989084,0.11358354078902885,True,True,True,True,0.17760990366804727,0.49005836672854464,0.18208151573452136,0.47986286265856765
2000,144,0.9813447104935304,5.530850677821917,5.018565970051956,5.522744443103922,5.086358996852675,-0.36252183742011257,3.0317963265374543,True,True,True,True,0.17574995545521582,0.48698318835628124,0.17397010641068897,0.44496030792014896
2000,145,0.9999766082028962,5.578447550090276,5.302224024969274,5.578440122729017,5.302318372490106,-0.0003321616933875506,0.00421934940179522,True,True,True,True,0.17303370914788194,0.46303074909454683,0.1728843711558068,0.43663902091317314
2000,146,0.9957433705143701,5.947911780557614,5.927911780557614,5.9486953289830495,5.954039468945166,0.035041350858753366,1.1684657465899666,True,True,True,True,0.1774941660424063,0.47689846606844294,0.1858410916066517,0.4574149214662533
2000,147,0.99792574451981,5.532852173240968,5.108517066288695,5.5320576977394795,5.116319551771405,-0.03553002455574437,0.3489377586558918,True,True,True,True,0.17194191294770392,0.45780395932459855,0.18690230627285878,0.4524155160399538
2000,148,0.993202170240952,5.480149415042953,5.270324550710647,5.477646443902937,5.2982186575528605,-0.11193627229592672,1.2474623814166126,True,True,True,True,0.1720760154733759,0.45539638364158863,0.17313043801193223,0.4296004382196225
2000,149,0.9851616290790083,5.579903692431293,5.559903692431293,5.579217436581416,5.642949616073178,-0.030690294605608653,3.713926610350236,True,True,True,True,0.1745928958640436,0.46550498587868033,0.1629738081473316,0.4268760087003341
2000,150,0.9984082974367563,5.73289571594244,5.71289571594244,5.733024231459612,5.722132163892098,0.0057473886512111536,0.4130665097214893,True,True,True,True,0.17450888371379641,0.46060011537565576,0.18171168662491372,0.4891832084374379
2000,151,0.9959516534352423,5.818974696142862,5.633786981180701,5.818012183772975,5.65054512297656,-0.04304486176504911,0.7494468846424174,True,True,True,True,0.17632536742836977,0.47649499392643857,0.17519096287355965,0.4429833605087997
2000,152,0.9958740629061462,5.77970338185518,5.75970338185518,5.780099095320066,5.783963364314383,0.017696844141960533,1.0849393982345947,True,True,True,True,0.17452582869941813,0.4586599233374594,0.17597357402938765,0.47499576691185547
2000,153,0.9987162350242342,5.781781637503291,5.761781637503291,5.782044574761305,5.769451194133724,0.011758911654757242,0.3429929996586586,True,True,True,True,0.17595748002431652,0.46484384305200016,0.1688152820609593,0.4209267268693321
2000,154,0.9962779205832349,5.690135519462622,5.670135519462622,5.690275098462456,5.69145916145868,0.006242162637193708,0.9536222606210932,True,True,True,True,0.17497653093186377,0.46358292366425574,0.17542970587221487,0.48854871995946425
2000,155,0.9969857374364514,5.611187627672827,5.487427591202158,5.610327595626415,5.50033598898808,-0.038461802372112025,0.5772810985985829,True,True,True,True,0.17260783712355016,0.4545732446556297,0.17553777412151741,0.4415352920968196
2000,156,0.9961267308846846,5.7861357899530965,5.766135789953097,5.786668799224422,5.789091508570302,0.023836899266443435,1.026610946008573,True,True,True,True,0.1779193600470623,0.4822001817850173,0.1752950899884219,0.45559258347227954
2000,157,0.9883022856888193,5.933398996291512,5.824810876359488,5.931197900107732,5.875286421532347,-0.09843601383892688,2.257335004157458,True,True,True,True,0.17869753209878877,0.4915517353471293,0.17126564632859614,0.4453697155157517
2000,158,0.9982589515910404,5.983307704812712,5.9633077048127126,5.983665818429876,5.9740669582024735,0.016015327832939887,0.4811684393330089,True,True,True,True,0.17741183391557,0.4740295022251026,0.18527563513981665,0.4761092441261159
2000,159,0.9993767168821713,5.6493502331644905,5.3134584916096514,5.649151338268323,5.315877869678589,-0.008894850164147513,0.10819787650833565,True,True,True,True,0.1747035161717371,0.47491283653408645,0.18369281781297755,0.45623444098846067
2000,160,0.9890631930763031,5.782621062918962,5.706619765391612,5.77981712682104,5.753214289642162,-0.12539583439038,2.08377047206982,True,True,True,True,0.17680731244119785,0.47662113610373646,0.16778217862357606,0.4351652970644453
2000,161,0.9997716335848897,5.5863739480964645,5.522291948420437,5.586310437160285,5.523286998675264,-0.0028402954122407767,0.04450000021641539,True,True,True,True,0.17236705985134904,0.45253872681650253,0.1651236254197398,0.40707932125304247
2000,162,0.9992153909826026,5.5635852339052985,5.321096022894874,5.563319699199232,5.3242295735589416,-0.011875073063012092,0.14013664591588118,True,True,True,True,0.17383195886399416,0.46709738600328765,0.17248630823315336,0.4143705447801344
2000,163,0.9916439723452715,5.608102418239215,5.236386368732214,5.605181941663276,5.268963625817644,-0.13060768300991712,1.456899227270169,True,True,True,True,0.17304432318760418,0.4623823437618582,0.17633734758843406,0.46200323396604215
2000,164,0.9990309655229669,5.5486424624431345,4.643009991089995,5.548224754678071,4.646061599579876,-0.018680459148212664,0.13647208048178083,True,True,True,False,0.17459933432190572,0.49333103319056154,0.17750513838208823,0.4513516112470886
2000,165,0.9988457882832683,5.771782375187124,5.614002279708883,5.771480814495241,5.618717440790032,-0.013486204127826595,0.21086841404622622,True,True,True,True,0.17646460837932615,0.4767245873412528,0.17587291442161718,0.4235293692421077
2000,166,0.9941615254644827,5.474168541886788,5.454168541886788,5.474087890340668,5.486118453228675,-0.0036068467922867864,1.4288434727110304,True,True,True,True,0.17013898755742674,0.42966005151349385,0.18183210692192725,0.41735788065602636
2000,167,0.993601050589,5.544753886640599,5.000990890552422,5.542278445107181,5.0245906066620805,-0.11070511086099169,1.0554113894178707,True,True,True,True,0.17191867051667545,0.46297550572937535,0.16880283701944798,0.44093477724110486
2000,168,0.9979521008558937,5.426814942859574,5.097217382414601,5.425992399248326,5.105200380597942,-0.036785268584169056,0.3570105320441375,True,True,True,True,0.1713978925860121,0.45641193076169484,0.17232020778705542,0.45930980345195355
2000,169,0.999015893394191,5.581433945947252,5.561433945947252,5.581409426939051,5.566887838034259,-0.0010965233815511454,0.24390546896992077,True,True,True,True,0.17344772553231688,0.4577761365582289,0.18054096965924885,0.4344685408370187
2000,170,0.9990036667063148,5.524868976596496,5.3208009648007115,5.524523137938364,5.324838888785012,-0.015466374976593485,0.18058145033747292,True,True,True,True,0.17298914557069395,0.45984649614284084,0.17043264676668987,0.43868985030794333
2000,171,0.9975628724492996,5.614082041957082,5.5940820419570825,5.614102375248307,5.607769224122386,0.0009093324277067504,0.6121093948408185,True,True,True,True,0.1750615938432374,0.46661631925892155,0.17703963581486565,0.44797466148993126
2000,172,0.9795128422283081,5.656986952697949,5.325207165852369,5.6497206151066015,5.405850524996717,-0.3249604960342937,3.606480659613841,True,True,True,True,0.17668513532834518,0.48688289568568377,0.17129291992399745,0.4487684672160649
2000,173,0.9857974185740992,5.7071916565309015,5.266594927346263,5.702492921083359,5.321064240206518,-0.21013383737984917,2.43594172486464,True,True,True,True,0.1753065145778055,0.4788320526148093,0.18508452956008029,0.4710213357634491
2000,174,0.9904021349639208,5.796910693023463,5.7769106930234635,5.798129237181304,5.834124375541451,0.05449495141036191,2.558673667066244,True,True,True,True,0.17785997026411074,0.47996334975586935,0.17931038479645114,0.453264319534249
2000,175,0.9983917054789949,5.391499396176198,5.261922774852398,5.390873615243195,5.2686207610470195,-0.027985774104360265,0.29954304887059496,True,True,True,True,0.17043414307657698,0.44321321220518867,0.17887304250856412,0.42386765471771154
2000,176,0.9991177795151,5.643254702432637,5.302060672553584,5.642969853262734,5.305465816346347,-0.012738842144750441,0.15228265987556663,True,True,True,True,0.17556796397154997,0.4814488918178929,0.1732755077053242,0.48702151364313456
2000,177,0.9976311366611721,5.693168575389901,5.214145807263012,5.692389944379498,5.222879282800668,-0.034821437373028306,0.3905728996405978,True,True,True,True,0.17606835541662755,0.48775547026625865,0.1749561790622483,0.47724565686626735
2000,178,0.9985532798466245,5.5255618597958005,5.374545331127972,5.525103176931704,5.380647636211026,-0.020512921284699018,0.272903379703034,True,True,True,True,0.1725973569350287,0.45885885127568926,0.16995959329781932,0.410776682786039
2000,179,0.9908803969374126,5.68137573027315,5.15465031901988,5.6781928575613545,5.188046454544366,-0.1423423949460575,1.4935205843709087,True,True,True,True,0.17591995428536322,0.48786965452143555,0.1928577445174854,0.5266793438581576
2000,180,0.9950366279285291,5.8843841021564245,5.864384102156425,5.885175187485262,5.894431443891071,0.0353784114256801,1.3437579732367213,True,True,True,True,0.1791676243204395,0.49062839704850114,0.17438338558464775,0.4543717260839493
2000,181,0.999805690073034,5.625896236762602,5.501626725410344,5.625837816470817,5.5024325621551835,-0.002612634873954481,0.03603811480455928,True,True,True,True,0.17425660649831576,0.4637189796241605,0.17375259367066612,0.4574330407048319
2000,182,0.9840933508723896,5.514368162226983,5.4943681622269835,5.512458721086286,5.581237507821055,-0.08539280379265567,3.884915238185322,True,True,True,True,0.17193065826981116,0.44801784373094883,0.17489963221383556,0.45226897258383136
2000,183,0.9972128766288899,5.61434749844211,5.166856905035124,5.613361451480544,5.177294502537393,-0.044097360701389386,0.46678355073709127,True,True,True,True,0.1735374297334777,0.4690172353778726,0.1749068190942185,0.4664653467309575
2000,184,0.9999094412317632,5.754002010263163,5.095398425710984,5.753972696368843,5.095713891597545,-0.0013109572076920215,0.014108063338650455,True,True,True,True,0.17618131582524216,0.4922984826107202,0.17596024763034815,0.4697167365481141
2000,185,0.9979819021987503,5.712725060109977,5.692725060109978,5.712893824404141,5.704405873354594,0.00754736867848532,0.5223818489488552,True,True,True,True,0.1741753995924945,0.4551785945226704,0.18457980661320988,0.4499436775218104
2000,186,0.9878021328961542,5.489026454345615,5.402068141671727,5.484575347421076,5.453918407352454,-0.19905955316778387,2.318814374270606,True,True,True,True,0.17340118223596576,0.46011068958734647,0.17830337747324035,0.4286349269464087
2000,187,0.99649047930233,5.64019435239468,5.587247974849,5.639153718221968,5.602023557778703,-0.04653857499783829,0.6607841567600252,True,True,True,True,0.1760734289815251,0.47620410226739557,0.17397129545534934,0.4345814805311694
2000,188,0.9834231574115398,5.711848642121104,5.516060845292478,5.707120248665304,5.586575605763495,-0.21146018383065937,3.153515956606183,True,True,True,True,0.17367991062749763,0.46087828950164483,0.17798553792240257,0.43509504692735784
2000,189,0.9993074324302573,5.327486694439955,4.917649122577679,5.327178942438149,4.920277013703572,-0.013763087924996826,0.1175228638993245,False,True,False,True,0.17027286072841039,0.4537788254912955,0.16193190537201071,0.4366676855429638
2000,190,0.9933254331424317,6.011065891052031,5.991065891052031,6.012908216998243,6.03317706065312,0.08239132104883942,1.8832687568011524,True,True,True,True,0.17790857843787564,0.4714439269398038,0.1787526490381844,0.4739754593871094
2000,191,0.9883911342800796,5.848082123411135,5.828082123411136,5.85006670582562,5.898542088878712,0.08875322371477566,3.151065449555781,True,True,True,True,0.17705459180390454,0.4690175203278719,0.1813471704064054,0.45415115706220605
2000,192,0.9947925438808519,5.698051321099417,5.678051321099417,5.698479602235742,5.708204828398738,0.0191533146860802,1.3485058416263613,True,True,True,True,0.17357355890677495,0.451029461424144,0.17919011517510575,0.5031119196708014
2000,193,0.9776099319509446,5.751983569864475,5.486957953308474,5.7450920037968825,5.578138751598616,-0.3082002039713475,4.077729264389084,True,True,True,True,0.17723564161734245,0.4883162801847193,0.18049277771843883,0.47791714514708916
2000,194,0.9943275224017503,5.456623880270581,5.243813071590613,5.4545095677531465,5.267101366240693,-0.09455493029325705,1.0414841983524852,True,True,True,True,0.17165745772588722,0.45268893069184596,0.16842830642645262,0.4128571883883634
2000,195,0.9877870420723113,5.510239796842749,5.490239796842749,5.509008732785558,5.556874608589706,-0.055054858330689495,2.9799993746819604,True,True,True,True,0.1734543447909525,0.4588300677219806,0.16431242289339199,0.43401332953454635
2000,196,0.9906644869369737,5.813232195393254,5.793232195393254,5.814917362692999,5.849525686148547,0.07536297271378645,2.5175214403918025,True,True,True,True,0.1774876791781261,0.4752123618463912,0.18070605479918483,0.43176495424215416
2000,197,0.9858805725901347,5.594070639765956,5.287131699657917,5.588938157678564,5.342586444401117,-0.22953157681416703,2.4800115784138717,True,True,True,True,0.1763056561727376,0.48645263014367307,0.17824892864133024,0.5088669040817811
2000,198,0.9719118706428287,5.901557602918179,5.773119370867993,5.894412049532623,5.8922365587194605,-0.3195588621391199,5.327082586489885,True,True,True,True,0.17992470056819107,0.4979654822922137,0.17800714917589378,0.43229482509811257
2000,199,0.9932035963145648,5.94206754052229,5.92206754052229,5.9438412362495,5.96437755383773,0.07932208434885367,1.8921613180448988,True,True,True,True,0.17850580728949803,0.47689892028065506,0.1797698594076975,0.48181460697409895
